date,ticker,spot,num_contracts,expirations,call_volume,put_volume,call_oi,put_oi,pc_volume_ratio,pc_oi_ratio,atm_iv,net_gex_total,gamma_magnet_strike,gamma_magnet_gex,gamma_gap_distance,gamma_gap_score,gamma_positive_zone
2026-07-13,AAPL,315.32,480,2026-07-13|2026-07-15|2026-07-17|2026-07-20,275141,147891,521341,345975,0.5375098585815999,0.6636251512925322,0.15895,574271.2769999999,320.0,146223.71099999998,4.680000000000007,25.867454551531072,1.0
2026-07-13,AMD,557.89,1474,2026-07-13|2026-07-15|2026-07-17|2026-07-20,71342,87792,196710,179521,1.2305794623083175,0.9126175588429668,0.53335,22987.85,560.0,3736.795,2.1100000000000136,18.1596887553415,1.0
2026-07-13,AMZN,245.34,410,2026-07-13|2026-07-15|2026-07-17|2026-07-20,193679,81407,449891,232030,0.4203191879346754,0.5157471476424289,0.2193999999999999,349423.456,250.0,124772.481,4.659999999999997,26.5089957384658,1.0
2026-07-13,DIA,525.78,738,2026-07-17|2026-07-24|2026-07-31|2026-08-07,9324,11255,77758,69347,1.2070999570999572,0.8918310656138275,0.1035,87933.42300000001,530.0,22493.377,4.220000000000027,19.41029212354461,1.0
2026-07-13,GOOGL,357.18,590,2026-07-13|2026-07-15|2026-07-17|2026-07-20,90027,46886,254531,188199,0.5207993157608273,0.7393952013703635,0.18525,47496.49700000002,370.0,12664.601000000002,12.819999999999991,7.534946154139684,1.0
2026-07-13,IWM,295.99,546,2026-07-13|2026-07-14|2026-07-15|2026-07-16,93345,81307,40040,67963,0.8710375488778188,1.6973776223776225,0.10385,-139897.524,302.0,17443.668999999998,6.009999999999991,5.919231416184566,1.0
2026-07-13,META,669.21,1020,2026-07-13|2026-07-15|2026-07-17|2026-07-20,281501,117536,346336,135331,0.417533152635337,0.3907506005728541,0.36575,88333.80300000001,650.0,26440.566,-19.21000000000004,16.20463118479922,1.0
2026-07-13,MSFT,385.1,628,2026-07-13|2026-07-15|2026-07-17|2026-07-20,161499,48750,461811,198839,0.3018594542381067,0.4305635855360742,0.2206,98442.557,400.0,31048.94200000001,14.899999999999975,13.630852896069293,1.0
2026-07-13,NFLX,73.37,430,2026-07-17|2026-07-24|2026-07-31|2026-08-07,173308,79103,681185,325061,0.45643017056339,0.477199292409551,0.71275,-45787.714,90.0,67947.64100000002,16.629999999999995,2.223361125290285,0.0
2026-07-13,NVDA,210.96,582,2026-07-13|2026-07-15|2026-07-17|2026-07-20,1086597,462770,1141463,823735,0.4258892671339972,0.7216484458979397,0.2462,1309509.489,210.0,278561.03,-0.960000000000008,26.91201329771968,1.0
2026-07-13,QQQ,725.51,1170,2026-07-13|2026-07-14|2026-07-15|2026-07-16,393764,515802,134470,249184,1.3099267581597098,1.853082471926824,0.1263,63724.85799999998,730.0,17786.828999999998,4.490000000000009,9.399713011916658,1.0
2026-07-13,SPY,754.95,1222,2026-07-13|2026-07-14|2026-07-15|2026-07-16,924989,1019162,405400,268668,1.1018098593604897,0.6627232363098174,0.0622,606284.5890000002,757.0,267315.74399999995,2.0499999999999545,34.77959324146782,1.0
2026-07-13,TSLA,407.76,1304,2026-07-13|2026-07-15|2026-07-17|2026-07-20,550873,384292,570326,380637,0.6976054371878818,0.6674025031297889,0.3047,161417.85700000005,420.0,42592.948,12.240000000000007,15.89587535876726,1.0
2026-08-03,AAPL,304.995,522,2026-08-03|2026-08-05|2026-08-07|2026-08-10,839607,424557,239791,164628,0.505661577380846,0.686547868769053,0.4209,114007.932,305.0,69399.551,0.0049999999999954,33.73144688853906,1.0
2026-08-03,AMD,484.305,1516,2026-08-03|2026-08-05|2026-08-07|2026-08-10,244124,126694,128887,142670,0.518973964051056,1.106938636169668,0.77085,8911.153000000002,500.0,2318.184,15.694999999999991,9.141997698168936,1.0
2026-08-03,AMZN,284.6496,458,2026-08-03|2026-08-05|2026-08-07|2026-08-10,592755,275100,210706,166976,0.4641040564820204,0.7924596357009293,0.4592,287655.993,280.0,81065.117,-4.649600000000021,27.964391049545707,1.0
2026-08-03,AVGO,390.91,786,2026-08-03|2026-08-05|2026-08-07|2026-08-10,82639,48811,44660,46989,0.5906533234913297,1.0521495745633678,0.54975,36618.395,390.0,8098.651,-0.910000000000025,25.02974781384614,1.0
2026-08-03,DIA,531.285,714,2026-08-07|2026-08-14|2026-08-21|2026-08-28,30412,28565,55114,50252,0.9392673944495594,0.9117828500925356,0.1293,96102.999,535.0,22660.509,3.715000000000032,18.657646332115664,1.0
2026-08-03,GOOGL,374.51,574,2026-08-03|2026-08-05|2026-08-07|2026-08-10,341187,121981,99083,76231,0.3575194834504245,0.7693650777630875,0.4113,97849.881,375.0,14526.506,0.4900000000000091,22.565439756845485,1.0
2026-08-03,INTC,90.76,708,2026-08-03|2026-08-05|2026-08-07|2026-08-10,290356,153892,196987,143707,0.5300114342393476,0.729525298623767,0.73485,195753.8789999999,90.0,123487.57999999991,-0.7600000000000051,25.907267436779552,0.0
2026-08-03,IWM,296.385,686,2026-08-03|2026-08-04|2026-08-05|2026-08-06,405571,530690,91982,213534,1.308500854351026,2.321475940944968,0.1934,688924.203,295.0,307678.994,-1.384999999999991,39.95107035270131,1.0
2026-08-03,META,593.415,1300,2026-08-03|2026-08-05|2026-08-07|2026-08-10,379024,210026,113956,64623,0.5541232217484908,0.5670872968514163,0.5846,41097.93000000001,590.0,12741.387,-3.414999999999964,32.11455266170569,1.0
2026-08-03,MRVL,192.35,746,2026-08-07|2026-08-14|2026-08-21|2026-08-28,48893,27774,241024,164941,0.5680567770437486,0.6843343401486989,1.10295,22712.741,195.0,8023.181,2.6500000000000057,15.675743529270926,1.0
2026-08-03,MSFT,490.055,688,2026-08-03|2026-08-05|2026-08-07|2026-08-10,510192,243509,143451,126518,0.4772889422021513,0.8819596935538965,0.43905,86187.341,480.0,14833.599000000002,-10.055000000000009,14.719727226564014,1.0
2026-08-03,MU,828.87,2074,2026-08-03|2026-08-05|2026-08-07|2026-08-10,635778,379088,143232,272779,0.5962584424122885,1.9044557082216265,1.0133,-3930.221999999999,835.0,4036.794,6.129999999999996,14.181594550936074,0.0
2026-08-03,NFLX,73.0551,536,2026-08-07|2026-08-14|2026-08-21|2026-08-28,105571,32686,607376,318961,0.3096115410482045,0.5251458733963805,0.4089,398913.1229999999,75.0,142040.742,1.944900000000004,8.370162768115474,0.0
2026-08-03,NVDA,207.76,536,2026-08-03|2026-08-05|2026-08-07|2026-08-10,2338153,994346,565747,447256,0.4252698604411259,0.7905583237737009,0.3671999999999999,1342943.628,207.5,534590.324,-0.2599999999999909,47.746674736293095,1.0
2026-08-03,PENG,53.14,208,2026-08-21|2026-09-18|2026-10-16|2026-12-18,1133,890,33712,26121,0.7855251544571933,0.774827954437589,1.20005,-1941.1420000000023,80.0,5105.758000000001,26.86,2.403252425271941,0.0
2026-08-03,QQQ,700.57,1514,2026-08-03|2026-08-04|2026-08-05|2026-08-06,3044476,2823369,253121,448098,0.927374365900733,1.7702916786833174,0.25505,663863.065,700.0,219318.657,-0.57000000000005,43.14639489147759,1.0
2026-08-03,SMH,545.71,1094,2026-08-03|2026-08-05|2026-08-07|2026-08-10,22168,64183,66098,237342,2.895299530855287,3.5907591757693123,0.53855,-28750.500000000007,575.0,2191.498,29.289999999999964,0.4147398466289354,0.0
2026-08-03,SNDK,1293.68,3212,2026-08-07|2026-08-14|2026-08-21|2026-08-28,59404,45478,115246,130201,0.7655713419971719,1.1297658920916995,1.99725,77.47699999999993,1300.0,53.65799999999997,6.319999999999936,41.06652185370384,1.0
2026-08-03,SOXL,116.5876,1422,2026-08-07|2026-08-14|2026-08-21|2026-08-28,83392,139155,162785,401201,1.6686852455871066,2.464606689805572,1.99405,-26172.111,130.0,11023.293,13.412400000000003,13.025818770668383,1.0
2026-08-03,SPY,758.36,1354,2026-08-03|2026-08-04|2026-08-05|2026-08-06,5300889,4768459,499932,551661,0.8995583570982151,1.1034720722018194,0.18145,1169060.193,755.0,147532.884,-3.3600000000000136,13.480744709889564,1.0
2026-08-03,TSLA,322.78,1166,2026-08-03|2026-08-05|2026-08-07|2026-08-10,1538259,976783,303380,239474,0.6349925467687821,0.789353286307601,0.4852,315123.17000000004,325.0,72622.832,2.220000000000028,24.00308559523704,1.0
2026-08-04,AAPL,309.38,518,2026-08-05|2026-08-07|2026-08-10|2026-08-12,741201,216327,254302,141758,0.2918601027251717,0.5574395797123105,0.33425,361367.7540000001,310.0,153354.53100000002,0.6200000000000045,40.46484771730841,1.0
2026-08-04,AMD,518.58,1490,2026-08-05|2026-08-07|2026-08-10|2026-08-12,279203,156275,136942,130704,0.5597181978703667,0.9544478684406535,1.9242,30237.952000000005,500.0,4899.803,-18.58000000000004,9.12247328995219,1.0
2026-08-04,AMZN,277.42,516,2026-08-05|2026-08-07|2026-08-10|2026-08-12,367978,228566,203718,162239,0.6211403942627005,0.7963901078942459,0.43905,170250.95500000002,280.0,39005.74800000001,2.579999999999984,9.931298816753204,0.0
2026-08-04,AVGO,418.16,780,2026-08-05|2026-08-07|2026-08-10|2026-08-12,100924,45590,54426,44580,0.4517260512861162,0.8190938154558484,0.7322500000000001,51664.57800000001,400.0,7149.498,-18.160000000000025,7.989837590134897,1.0
2026-08-04,DIA,540.43,714,2026-08-07|2026-08-14|2026-08-21|2026-08-28,36650,33996,61510,67585,0.9275852660300136,1.0987644285482034,0.14115,112205.589,537.0,19577.881,-3.42999999999995,15.31998976281557,1.0
2026-08-04,GOOGL,377.65,680,2026-08-05|2026-08-07|2026-08-10|2026-08-12,180376,77985,108900,75811,0.4323468754157981,0.6961524334251606,0.3901,125944.663,375.0,27777.161,-2.6499999999999773,24.422575356218704,1.0
2026-08-04,INTC,100.86,678,2026-08-05|2026-08-07|2026-08-10|2026-08-12,591660,160749,198270,126895,0.2716915120170368,0.640011095980229,1.2307,430646.653,100.0,98218.969,-0.8599999999999994,29.65474848729254,1.0
2026-08-04,IWM,301.71,688,2026-08-04|2026-08-05|2026-08-06|2026-08-07,794484,497460,151914,567569,0.6261422508193998,3.736120436562792,0.08015,560059.612,302.0,248964.907,0.2900000000000204,37.92410203721865,1.0
2026-08-04,META,587.94,1304,2026-08-05|2026-08-07|2026-08-10|2026-08-12,171659,68667,118397,74090,0.4000198067098142,0.6257759909457166,0.48195,20010.706,600.0,9281.603,12.059999999999944,18.689865277935453,1.0
2026-08-04,MRVL,218.59,746,2026-08-07|2026-08-14|2026-08-21|2026-08-28,134700,55063,258497,177017,0.4087824795842613,0.6847932471169879,1.23625,85626.737,240.0,17436.643,21.41,9.470977506811062,1.0
2026-08-04,MSFT,492.81,778,2026-08-05|2026-08-07|2026-08-10|2026-08-12,301148,137681,131365,126280,0.4571871637865767,0.9612910592623606,0.42145,68382.54099999998,500.0,21536.209,7.189999999999998,26.672021759545483,1.0
2026-08-04,MU,892.67,2146,2026-08-05|2026-08-07|2026-08-10|2026-08-12,296467,178679,154342,269658,0.6026943976901308,1.7471459486076375,1.32625,9774.02,900.0,4107.136,7.330000000000041,39.86467441061679,1.0
2026-08-04,NFLX,73.57,536,2026-08-07|2026-08-14|2026-08-21|2026-08-28,157460,39966,639211,325095,0.253816842372666,0.5085879310587583,0.4555,719599.5909999999,75.0,222183.51100000003,1.4300000000000068,20.22195867788014,1.0
2026-08-04,NVDA,211.94,542,2026-08-05|2026-08-07|2026-08-10|2026-08-12,1291044,574909,589491,394099,0.4453055046923265,0.6685411651747015,0.448,1428746.917,210.0,326295.414,-1.9399999999999973,25.50133393721228,1.0
2026-08-04,PENG,57.84,208,2026-08-21|2026-09-18|2026-10-16|2026-12-18,1511,1852,34010,26519,1.2256783587028457,0.7797412525727727,1.1888999999999998,4203.023999999993,80.0,5461.628000000001,22.16,4.034127522238004,0.0
2026-08-04,QQQ,723.85,1518,2026-08-04|2026-08-05|2026-08-06|2026-08-07,4302078,3650429,467959,800758,0.8485269211762316,1.7111712778256214,0.2877,402200.798,720.0,54594.087,-3.850000000000023,14.293546895017387,1.0
2026-08-04,SMH,575.71,1102,2026-08-05|2026-08-07|2026-08-10|2026-08-12,29243,134801,59266,232887,4.609684368908798,3.929521141970101,0.7026,20264.426,575.0,4597.933,-0.7100000000000364,23.448063062825423,1.0
2026-08-04,SNDK,1427.62,3212,2026-08-07|2026-08-14|2026-08-21|2026-08-28,71591,64107,131299,149464,0.8954617200486095,1.1383483499493523,2.09475,467.18,1400.0,208.288,-27.61999999999989,8.822001782001912,1.0
2026-08-04,SOXL,139.9,1422,2026-08-07|2026-08-14|2026-08-21|2026-08-28,111575,156689,190914,459035,1.404337889312122,2.4044072200048188,2.24605,37105.154,130.0,10225.293,-9.900000000000006,19.2956149367288,1.0
2026-08-04,SPY,771.33,1336,2026-08-04|2026-08-05|2026-08-06|2026-08-07,8885051,5496096,698803,1277003,0.6185778787313657,1.827414879443849,0.1699,640084.2670000001,773.0,91558.332,1.669999999999959,12.463944906256526,1.0
2026-08-04,TSLA,327.35,1114,2026-08-05|2026-08-07|2026-08-10|2026-08-12,881724,457446,295078,230005,0.5188086067749091,0.7794718684551203,0.6255,274370.853,330.0,65973.964,2.6499999999999773,24.68897543045043,1.0
2026-08-05,AAPL,311.0,538,2026-08-05|2026-08-07|2026-08-10|2026-08-12,941999,338964,317603,170321,0.3598347768946676,0.536270123393041,0.29135,495378.233,310.0,208781.002,-1.0,47.85832384749457,1.0
2026-08-05,AMD,482.05,1542,2026-08-05|2026-08-07|2026-08-10|2026-08-12,377603,274006,234508,194651,0.7256457178571145,0.8300399133505041,0.5942500000000001,11056.943,482.5,7478.768,0.4499999999999886,21.54468975689441,1.0
2026-08-05,AMZN,272.65,516,2026-08-05|2026-08-07|2026-08-10|2026-08-12,431996,279554,255633,175267,0.6471217326086353,0.6856196187503178,0.22135,156535.29899999997,280.0,49361.25400000001,7.350000000000023,20.451732788851995,1.0
2026-08-05,AVGO,418.28,794,2026-08-05|2026-08-07|2026-08-10|2026-08-12,78580,39256,77581,62372,0.499567319928735,0.8039597324087083,0.9148,88944.706,420.0,34316.15900000001,1.7200000000000273,43.34041527125266,1.0
2026-08-05,DIA,542.81,930,2026-08-07|2026-08-14|2026-08-21|2026-08-28,25678,35113,69033,82603,1.3674351585014408,1.1965726536583952,0.1498,95434.063,550.0,19089.998,7.190000000000055,16.16131479643827,1.0
2026-08-05,GOOGL,362.43,680,2026-08-05|2026-08-07|2026-08-10|2026-08-12,393169,242070,138213,105932,0.6156894363492544,0.7664402046117225,0.4698,45990.65499999999,380.0,13032.837,17.569999999999993,4.316440510817534,0.0
2026-08-05,INTC,101.06,682,2026-08-05|2026-08-07|2026-08-10|2026-08-12,433474,164373,300037,188708,0.3791992137936762,0.6289490962781257,0.555,660166.345,102.0,224549.964,0.9399999999999976,40.45582558242026,1.0
2026-08-05,IWM,299.77,688,2026-08-05|2026-08-06|2026-08-07|2026-08-10,491827,543736,185571,533533,1.1055432092992048,2.8750882411583705,0.0779,260188.458,305.0,83688.749,5.230000000000018,9.495804634256196,0.0
2026-08-05,META,588.77,1304,2026-08-05|2026-08-07|2026-08-10|2026-08-12,299486,131210,149843,83257,0.4381173076537801,0.5556282242080044,0.40595,54055.928,590.0,25020.967,1.2300000000000182,42.88067158846461,1.0
2026-08-05,MRVL,211.02,836,2026-08-07|2026-08-14|2026-08-21|2026-08-28,37064,26035,282752,197086,0.702433628318584,0.6970277840651878,1.11515,73909.917,240.0,19414.344,28.97999999999999,4.709654431191304,1.0
2026-08-05,MSFT,487.46,798,2026-08-05|2026-08-07|2026-08-10|2026-08-12,274643,194857,174525,158450,0.709491958651777,0.9078928520269304,0.398,7363.8650000000125,500.0,10707.304,12.54000000000002,4.916164195366346,0.0
2026-08-05,MU,893.19,2146,2026-08-05|2026-08-07|2026-08-10|2026-08-12,451042,299926,189134,318701,0.6649624646928668,1.6850539828904374,2.2499,18199.35,900.0,7869.793,6.809999999999945,41.17287224286128,1.0
2026-08-05,NFLX,74.2,536,2026-08-07|2026-08-14|2026-08-21|2026-08-28,148579,36482,684749,334111,0.2455394100108359,0.4879320743805394,0.40675,1389235.172,75.0,543178.819,0.7999999999999972,39.53570585191016,1.0
2026-08-05,NVDA,219.22,542,2026-08-05|2026-08-07|2026-08-10|2026-08-12,3281467,1288266,712865,454945,0.3925884368180451,0.6381923646132157,0.1359,3490070.7140000006,220.0,2654957.0450000004,0.7800000000000011,94.17560756740131,1.0
2026-08-05,PENG,55.72,208,2026-08-21|2026-09-18|2026-10-16|2026-12-18,1925,323,34306,27008,0.1677922077922078,0.7872675333760858,1.1615,1847.0519999999988,80.0,5340.116,24.28,3.059190585898464,0.0
2026-08-05,QQQ,717.3,1726,2026-08-05|2026-08-06|2026-08-07|2026-08-10,3138495,3171930,605259,914575,1.0106531952416684,1.5110473367599655,0.2888,241819.62300000005,725.0,55152.10500000001,7.700000000000045,14.109498241257436,1.0
2026-08-05,SMH,569.7,1106,2026-08-05|2026-08-07|2026-08-10|2026-08-12,23047,73344,66574,329639,3.182366468520849,4.951467539880434,0.9003000000000001,10176.823,580.0,5490.602,10.299999999999956,5.525689475676862,0.0
2026-08-05,SNDK,1350.5,3212,2026-08-07|2026-08-14|2026-08-21|2026-08-28,113157,83015,144333,171222,0.7336267310020591,1.186298351728295,2.0704,-231.799,1385.0,18.5,34.5,0.0533122517798365,0.0
2026-08-05,SOXL,132.07,1422,2026-08-07|2026-08-14|2026-08-21|2026-08-28,53360,153620,210701,497241,2.878935532233883,2.35993659261228,1.8397,24395.294,150.0,7643.077999999999,17.930000000000007,3.183869772525597,0.0
2026-08-05,SPY,769.79,1388,2026-08-05|2026-08-06|2026-08-07|2026-08-10,5576417,5906674,823337,1467947,1.05922387081167,1.7829236388016083,0.1547,257164.085,773.0,122185.612,3.2100000000000364,7.707787104272565,0.0
2026-08-05,TSLA,321.55,1118,2026-08-05|2026-08-07|2026-08-10|2026-08-12,997128,768153,389327,282594,0.7703654896863793,0.7258525609577553,0.1998,298330.862,322.5,76259.15200000002,0.9499999999999886,32.08388056361632,1.0
2026-08-06,AAPL,312.41,582,2026-08-07|2026-08-10|2026-08-12|2026-08-14,746433,288336,345544,177044,0.3862851722793606,0.512363114393536,0.27595,587597.9820000001,310.0,155020.788,-2.410000000000025,27.148329970438787,1.0
2026-08-06,AMD,489.28,1698,2026-08-07|2026-08-10|2026-08-12|2026-08-14,179935,119270,190040,202519,0.6628504737821991,1.0656651231319725,0.7874,30522.154000000013,500.0,7539.406999999999,10.720000000000027,11.958479191870698,1.0
2026-08-06,AMZN,272.26,542,2026-08-07|2026-08-10|2026-08-12|2026-08-14,207514,105137,260116,173099,0.506650153724568,0.6654684832920696,0.3647,216461.268,275.0,93816.307,2.740000000000009,31.20278465511641,1.0
2026-08-06,AVGO,420.565,816,2026-08-07|2026-08-10|2026-08-12|2026-08-14,58261,24204,79889,73384,0.4154408609532963,0.9185745221494824,0.5443,60388.52999999999,425.0,12489.171,4.435000000000002,20.29292962162857,1.0
2026-08-06,DIA,538.19,942,2026-08-07|2026-08-14|2026-08-21|2026-08-28,25404,42996,73589,96391,1.6924893717524798,1.3098560926225389,0.13555,48646.80500000001,537.0,26954.323000000004,-1.1900000000000546,15.317988475803157,0.0
2026-08-06,GOOGL,357.75,792,2026-08-07|2026-08-10|2026-08-12|2026-08-14,143011,88677,156291,104148,0.6200711833355476,0.6663723438969614,0.3339,67953.503,357.5,19607.72,-0.25,30.020715017209827,1.0
2026-08-06,INTC,99.81,720,2026-08-07|2026-08-10|2026-08-12|2026-08-14,285548,136972,296970,199518,0.4796811744435261,0.6718456409738357,0.88135,345606.183,105.0,70376.40000000001,5.189999999999998,12.553836857744477,1.0
2026-08-06,IWM,298.25,698,2026-08-07|2026-08-10|2026-08-11|2026-08-12,116346,133667,165359,462566,1.1488749076031837,2.797343960715776,0.20135,254026.129,300.0,110002.467,1.75,21.478851125719107,1.0
2026-08-06,META,589.9,1456,2026-08-07|2026-08-10|2026-08-12|2026-08-14,139912,42619,155541,81553,0.3046128995368517,0.5243183469310343,0.4223,49531.952,600.0,18689.588,10.100000000000025,27.19144184274597,1.0
2026-08-06,MRVL,210.54,836,2026-08-07|2026-08-14|2026-08-21|2026-08-28,55449,42480,284708,205744,0.7661093978250284,0.7226491703780715,1.05015,82149.002,240.0,18266.753,29.460000000000008,3.6232052597355895,1.0
2026-08-06,MSFT,499.86,850,2026-08-07|2026-08-10|2026-08-12|2026-08-14,282859,112516,166375,151610,0.3977812266889157,0.9112546957175056,0.38125,110067.073,500.0,32483.234,0.1399999999999863,38.99332816072228,1.0
2026-08-06,MU,881.47,2498,2026-08-07|2026-08-10|2026-08-12|2026-08-14,356147,287552,206917,319736,0.8073969456432316,1.545237945649705,0.8607499999999999,7382.844000000002,900.0,6171.965,18.529999999999973,23.174919106172545,1.0
2026-08-06,NFLX,73.69,536,2026-08-07|2026-08-14|2026-08-21|2026-08-28,129535,60116,685408,338715,0.46409078627398,0.4941801087819226,0.3664,1136899.934,75.0,462574.074,1.3100000000000025,32.444539023468856,1.0
2026-08-06,NVDA,218.99,586,2026-08-07|2026-08-10|2026-08-12|2026-08-14,1558816,689345,866314,510210,0.4422234567774516,0.5889435008553481,0.40845,1732971.727,220.0,462923.27100000007,1.009999999999991,30.71229358120844,1.0
2026-08-06,PENG,56.26,208,2026-08-21|2026-09-18|2026-10-16|2026-12-18,3655,488,34920,27048,0.133515731874145,0.7745704467353952,1.06655,3406.523000000002,75.0,5530.826,18.74,4.669652743098503,0.0
2026-08-06,QQQ,714.65,1770,2026-08-07|2026-08-10|2026-08-11|2026-08-12,685454,752922,417491,698032,1.0984281950356989,1.6719689765767405,0.24825,103100.27100000004,725.0,35639.581000000006,10.350000000000025,10.59532120640518,1.0
2026-08-06,SMH,571.48,1236,2026-08-07|2026-08-10|2026-08-12|2026-08-14,22059,88467,89985,385927,4.01047191622467,4.288792576540534,0.51275,15732.468000000004,575.0,6502.973,3.519999999999982,14.388614872696715,1.0
2026-08-06,SNDK,1258.58,3224,2026-08-07|2026-08-14|2026-08-21|2026-08-28,175611,135444,174796,192266,0.771272870150503,1.099945078834756,1.2535500000000002,-1091.487,1260.0,91.175,1.4200000000000728,8.032539984374301,1.0
2026-08-06,SOXL,132.33,1468,2026-08-07|2026-08-14|2026-08-21|2026-08-28,78451,140593,208920,529199,1.7921122739034556,2.533022209458166,1.85805,13479.425,140.0,7513.399,7.6699999999999875,4.148481290036164,0.0
2026-08-06,SPY,768.56,1420,2026-08-07|2026-08-10|2026-08-11|2026-08-12,1082711,1280619,565688,1215532,1.1827893131223384,2.148767518490758,0.1411,-57965.70300000001,775.0,76082.94300000001,6.440000000000055,6.776960105289306,0.0
2026-08-06,TSLA,319.53,1132,2026-08-07|2026-08-10|2026-08-12|2026-08-14,596602,521530,387512,304239,0.8741673678599804,0.7851085901855942,0.44075,250985.328,325.0,52613.12,5.470000000000027,8.593085728751818,0.0
2026-08-07,AAPL,313.33,584,2026-08-07|2026-08-10|2026-08-12|2026-08-14,823307,287358,409967,203821,0.3490289770401563,0.4971644059155981,0.2104,343158.445,315.0,89812.206,1.670000000000016,27.76821060197345,1.0
2026-08-07,AMD,483.36,1698,2026-08-07|2026-08-10|2026-08-12|2026-08-14,277460,202813,224460,227081,0.7309630216968211,1.0116769134812438,0.49235,-2165.1260000000066,485.0,10453.1,1.6399999999999864,16.16737801942689,1.0
2026-08-07,AMZN,274.48,542,2026-08-07|2026-08-10|2026-08-12|2026-08-14,435180,178888,286320,175321,0.4110666850498644,0.6123253702151439,0.0992,1496417.512,275.0,1421493.7130000002,0.5199999999999818,113.12529928802832,1.0
2026-08-07,AVGO,427.76,816,2026-08-07|2026-08-10|2026-08-12|2026-08-14,77063,34732,91111,79669,0.4506961836419553,0.8744169200206342,0.20745,86640.478,430.0,24648.84,2.240000000000009,29.6665401320718,1.0
2026-08-07,DIA,539.62,942,2026-08-07|2026-08-14|2026-08-21|2026-08-28,18831,16816,80502,97755,0.8929955923742765,1.2143176567041811,0.0997,70536.95299999998,540.0,31150.07799999998,0.3799999999999954,39.70904942751291,1.0
2026-08-07,GOOGL,354.3,792,2026-08-07|2026-08-10|2026-08-12|2026-08-14,243325,148208,180990,112835,0.609094832014795,0.6234322338250732,0.1651,28466.57799999997,365.0,9189.293,10.699999999999989,6.801070193268571,0.0
2026-08-07,INTC,101.65,720,2026-08-07|2026-08-10|2026-08-12|2026-08-14,323802,131263,335491,236907,0.4053804485457162,0.7061500904644238,0.7188,469691.299,102.0,209314.583,0.3499999999999943,48.14556367898023,1.0
2026-08-07,IWM,301.56,698,2026-08-07|2026-08-10|2026-08-11|2026-08-12,408195,426975,198681,484702,1.0460074229228675,2.4395991564367,0.11685,1004155.368,301.0,426840.811,-0.5600000000000023,48.957133976292646,1.0
2026-08-07,META,592.1,1456,2026-08-07|2026-08-10|2026-08-12|2026-08-14,271628,105622,176277,84361,0.3888479832712386,0.4785706586792378,0.2688,59473.848000000005,592.5,15635.206,0.3999999999999772,33.72184443604189,1.0
2026-08-07,MRVL,218.72,836,2026-08-07|2026-08-14|2026-08-21|2026-08-28,86850,60414,293824,218405,0.6956131260794474,0.7433191298192116,0.4723,102587.473,220.0,36381.94,1.2800000000000011,38.57509350853613,1.0
2026-08-07,MSFT,499.99,850,2026-08-07|2026-08-10|2026-08-12|2026-08-14,399827,160430,198813,172637,0.4012485399935472,0.8683385895288538,0.2983,267782.45699999994,500.0,192496.622,0.0099999999999909,88.71446754357365,1.0
2026-08-07,MU,877.57,2498,2026-08-07|2026-08-10|2026-08-12|2026-08-14,572770,440844,247599,378133,0.7696701992073607,1.5271992213215724,0.61355,-2969.655000000001,900.0,3684.889,22.42999999999995,8.851447738809412,1.0
2026-08-07,NFLX,74.14,536,2026-08-07|2026-08-14|2026-08-21|2026-08-28,180074,51511,689559,345058,0.286054621988738,0.5004038813212502,0.28775,1358425.0509999995,74.0,1215269.1519999998,-0.1400000000000005,73.2376860464516,1.0
2026-08-07,NVDA,223.96,586,2026-08-07|2026-08-10|2026-08-12|2026-08-14,2187032,988691,1047227,577847,0.4520697456644438,0.5517877212867889,0.25495,2477611.939,225.0,1573330.715,1.039999999999992,72.91608040253094,1.0
2026-08-07,PENG,58.43,208,2026-08-21|2026-09-18|2026-10-16|2026-12-18,1968,1943,35977,27237,0.9872967479674796,0.757067015037385,0.96445,6476.168,80.0,5921.756,21.57,3.941824510033813,0.0
2026-08-07,QQQ,723.03,1770,2026-08-07|2026-08-10|2026-08-11|2026-08-12,3173472,3098748,518083,811815,0.9764535499289106,1.566959348212545,0.09495,668957.242,724.0,228682.402,0.9700000000000272,42.29596437716529,1.0
2026-08-07,SMH,582.7,1236,2026-08-07|2026-08-10|2026-08-12|2026-08-14,36372,226993,97167,447231,6.240872099417135,4.602704621939547,0.39375,61306.041000000005,585.0,16945.583,2.2999999999999545,27.87840625696818,1.0
2026-08-07,SNDK,1212.21,3224,2026-08-07|2026-08-14|2026-08-21|2026-08-28,157319,130905,202681,209987,0.8320991107240702,1.0360467927432764,0.67855,-5100.199000000001,1245.0,5.703999999999999,32.789999999999964,0.0042264911924491,0.0
2026-08-07,SOXL,140.25,1468,2026-08-07|2026-08-14|2026-08-21|2026-08-28,105661,211547,222227,552018,2.00212945173716,2.4840275934067417,1.34455,102329.021,140.0,60450.761000000006,-0.25,63.85476040130739,1.0
2026-08-07,SPY,773.26,1420,2026-08-07|2026-08-10|2026-08-11|2026-08-12,5155956,4986892,680258,1358409,0.9672099606746062,1.9969026457608727,0.0716,765094.605,773.0,259181.593,-0.2599999999999909,37.31395599322997,1.0
2026-08-07,TSLA,328.58,1132,2026-08-07|2026-08-10|2026-08-12|2026-08-14,2007442,1132793,447316,348129,0.5642967517866021,0.7782618998649724,0.265,549170.017,330.0,364945.489,1.420000000000016,74.39417455249284,1.0
2026-08-10,AAPL,308.26,530,2026-08-10|2026-08-12|2026-08-14|2026-08-17,550880,397148,220133,106300,0.7209337786813825,0.4828898892941994,0.11315,238329.171,307.5,108336.70599999998,-0.7599999999999909,41.69049210691327,1.0
2026-08-10,AMD,469.56,1538,2026-08-10|2026-08-12|2026-08-14|2026-08-17,149499,135966,104729,135376,0.9094776553689322,1.292631458335323,0.44225,-15400.181000000004,495.0,3268.511,25.44,1.12557112761851,0.0
2026-08-10,AMZN,278.09,500,2026-08-10|2026-08-12|2026-08-14|2026-08-17,402014,160065,165330,84536,0.3981577755998547,0.5113167604185568,0.2455,268420.01800000004,277.5,82910.88400000002,-0.589999999999975,35.57414404423609,1.0
2026-08-10,AVGO,422.4,800,2026-08-10|2026-08-12|2026-08-14|2026-08-17,57336,52434,42764,43149,0.9145039765592298,1.0090028996352072,0.3189,12114.761999999995,432.5,3891.695,10.100000000000025,4.940995620174074,0.0
2026-08-10,DIA,538.99,954,2026-08-14|2026-08-21|2026-08-28|2026-09-04,9308,10503,57579,75410,1.1283841856467556,1.3096788759790896,0.12265,30227.719,550.0,11601.021,11.009999999999993,9.76880001394314,1.0
2026-08-10,GOOGL,357.52,648,2026-08-10|2026-08-12|2026-08-14|2026-08-17,202503,96455,100979,61777,0.4763139311516373,0.6117806672674516,0.2069,177379.46300000005,357.5,112161.202,-0.0199999999999818,67.07363365069725,1.0
2026-08-10,INTC,97.52,660,2026-08-10|2026-08-12|2026-08-14|2026-08-17,324260,224813,162923,120994,0.6933109233331277,0.7426452986993856,0.499,37257.29800000001,105.0,33236.283,7.480000000000004,4.3838911998123615,0.0
2026-08-10,IWM,299.98,690,2026-08-10|2026-08-11|2026-08-12|2026-08-13,295185,325677,112896,124274,1.103297931805478,1.10078302154195,0.0813,-75981.859,305.0,66521.60999999999,5.019999999999982,6.626483309026568,0.0
2026-08-10,META,594.92,1290,2026-08-10|2026-08-12|2026-08-14|2026-08-17,405692,140218,89277,44366,0.345626731609201,0.4969477020957245,0.10795,34411.149999999994,595.0,13680.468,0.0800000000000409,45.351937927261226,1.0
2026-08-10,MRVL,208.56,700,2026-08-14|2026-08-21|2026-08-28|2026-09-04,81947,32069,241273,174334,0.3913383040257727,0.722559092811877,0.8633,40719.902,240.0,16687.287,31.44,1.633312407953599,0.0
2026-08-10,MSFT,506.06,772,2026-08-10|2026-08-12|2026-08-14|2026-08-17,472046,245611,102237,85765,0.5203115798036632,0.8388841613114626,0.2143,155578.516,505.0,85513.73900000002,-1.0600000000000025,61.84277007781505,1.0
2026-08-10,MU,861.0,2038,2026-08-10|2026-08-12|2026-08-14|2026-08-17,465441,273622,131697,206994,0.5878768737605841,1.571744231075879,1.3972,14656.758999999987,875.0,12245.803999999998,14.0,36.13243904547023,1.0
2026-08-10,NFLX,76.29,526,2026-08-14|2026-08-21|2026-08-28|2026-09-04,176976,43211,615047,309850,0.2441630503571105,0.5037826377496354,0.35595,890596.3900000001,80.0,198860.444,3.7099999999999937,14.36485307832897,1.0
2026-08-10,NVDA,217.55,550,2026-08-10|2026-08-12|2026-08-14|2026-08-17,1659009,1260704,566402,364259,0.7599139004068092,0.643110370372986,0.10635,123891.401,225.0,166320.46699999998,7.449999999999989,7.584316771433581,0.0
2026-08-10,PENG,55.18,208,2026-08-21|2026-09-18|2026-10-16|2026-12-18,2222,885,36001,28170,0.3982898289828983,0.782478264492653,0.93905,-38.69900000000382,75.0,5799.332,19.82,3.9540326211804095,0.0
2026-08-10,QQQ,720.87,1718,2026-08-10|2026-08-11|2026-08-12|2026-08-13,2728492,2576169,227110,394899,0.944173191638458,1.7388005812161509,0.08895,-29948.987000000023,722.0,24150.273,1.1299999999999957,6.124076690788171,0.0
2026-08-10,SMH,569.41,1110,2026-08-10|2026-08-12|2026-08-14|2026-08-17,21899,58345,56934,299531,2.6642769076213524,5.261021533705694,0.34135,-12098.316999999995,575.0,7004.924,5.590000000000032,6.819462239605506,0.0
2026-08-10,SNDK,1237.92,2906,2026-08-14|2026-08-21|2026-08-28|2026-09-04,67935,42224,111129,127664,0.6215352910870685,1.1487910446418126,1.0705,259.8509999999999,1250.0,282.834,12.079999999999927,20.039838044248075,0.0
2026-08-10,SOXL,130.0,1336,2026-08-14|2026-08-21|2026-08-28|2026-09-04,44729,132024,160306,404371,2.9516421113818776,2.522494479308323,1.54045,-19387.489,145.0,3566.994,15.0,1.8080449124112936,0.0
2026-08-10,SPY,773.03,1424,2026-08-10|2026-08-11|2026-08-12|2026-08-13,4735833,4920972,455907,546824,1.039093228160706,1.1994200571607807,0.05285,269776.90800000005,773.0,218274.95,-0.0299999999999727,54.153891003253634,1.0
2026-08-10,TSLA,330.88,1026,2026-08-10|2026-08-12|2026-08-14|2026-08-17,1053068,655309,288137,206250,0.6222855504107997,0.7158053287151598,0.2832,357041.961,330.0,119938.18300000002,-0.8799999999999955,42.87595095195555,1.0
2026-08-11,AAPL,304.91,518,2026-08-12|2026-08-14|2026-08-17|2026-08-19,337971,191326,227363,106375,0.566101825304538,0.4678641643539186,0.25495,24266.65200000001,310.0,45127.915,5.089999999999975,7.987190926060354,0.0
2026-08-11,AMD,474.32,1518,2026-08-12|2026-08-14|2026-08-17|2026-08-19,88209,69587,95061,133239,0.7888877552177216,1.4016158045886329,0.6356999999999999,15111.402,500.0,6030.87,25.680000000000007,1.8332854484903425,0.0
2026-08-11,AMZN,272.27,490,2026-08-12|2026-08-14|2026-08-17|2026-08-19,193152,128223,164096,80948,0.6638450546719682,0.4932966068642745,0.31975,99547.474,280.0,51593.78200000001,7.730000000000018,9.027366815507447,0.0
2026-08-11,AVGO,416.08,802,2026-08-12|2026-08-14|2026-08-17|2026-08-19,27667,24933,46252,52002,0.901181913470922,1.1243189483698002,0.4396,-16735.377,430.0,4140.695000000001,13.920000000000016,6.221912270020755,1.0
2026-08-11,DIA,537.28,954,2026-08-14|2026-08-21|2026-08-28|2026-09-04,9240,12951,62179,79200,1.4016233766233763,1.2737419385966322,0.1267,24200.729,550.0,13606.46,12.720000000000027,9.292123782464897,1.0
2026-08-11,GOOGL,343.8,614,2026-08-12|2026-08-14|2026-08-17|2026-08-19,182119,133810,96772,58423,0.7347393737062031,0.6037180176083992,0.34595,-43136.85500000001,360.0,10479.525999999998,16.19999999999999,3.2819874199145875,0.0
2026-08-11,INTC,97.71,674,2026-08-12|2026-08-14|2026-08-17|2026-08-19,172120,79385,184359,134606,0.461218917034627,0.7301298010946035,0.75525,182533.857,105.0,90598.404,7.290000000000006,8.032781167898147,0.0
2026-08-11,IWM,300.99,724,2026-08-11|2026-08-12|2026-08-13|2026-08-14,434858,491691,182531,266569,1.1306932377925667,1.4604039861722118,0.07605,386284.737,305.0,118733.591,4.009999999999991,17.553200537633764,1.0
2026-08-11,META,599.12,1250,2026-08-12|2026-08-14|2026-08-17|2026-08-19,234131,103097,100803,48574,0.4403389555419829,0.4818705792486334,0.3931,31468.883,605.0,8245.442000000001,5.879999999999996,15.084034036773696,1.0
2026-08-11,MRVL,212.31,700,2026-08-14|2026-08-21|2026-08-28|2026-09-04,30681,19155,255411,186680,0.6243277598513738,0.730900391917341,0.85055,44942.86000000001,240.0,17336.266,27.69,5.513274110442219,1.0
2026-08-11,MSFT,503.81,752,2026-08-12|2026-08-14|2026-08-17|2026-08-19,124185,112902,102031,89106,0.9091436163787896,0.8733228136546736,0.28045,48874.90999999999,510.0,23212.259,6.189999999999998,26.890415281141305,1.0
2026-08-11,MU,868.52,2020,2026-08-12|2026-08-14|2026-08-17|2026-08-19,252960,176568,128588,201156,0.6980075901328273,1.5643450399726258,0.7235,6203.620000000001,880.0,3338.308,11.480000000000018,10.7993297833163,0.0
2026-08-11,NFLX,74.79,526,2026-08-14|2026-08-21|2026-08-28|2026-09-04,132111,44460,664433,315231,0.336535186320594,0.474436098146841,0.3363,927515.82,75.0,264577.981,0.2099999999999937,22.26027100871877,1.0
2026-08-11,NVDA,217.5,556,2026-08-12|2026-08-14|2026-08-17|2026-08-19,944699,695107,565610,387128,0.7357973280378195,0.6844433443538834,0.3985,545015.701,225.0,249008.122,7.5,22.392638130440243,1.0
2026-08-11,PENG,57.33,208,2026-08-21|2026-09-18|2026-10-16|2026-12-18,1068,616,37189,28595,0.5767790262172284,0.7689101616069268,0.9563,3992.813999999994,75.0,7344.255,17.67,5.924236941570023,0.0
2026-08-11,QQQ,718.45,1504,2026-08-11|2026-08-12|2026-08-13|2026-08-14,3107117,3109064,364177,574779,1.000626625904335,1.5782957188400146,0.09355,-136066.902,730.0,37149.64,11.549999999999956,2.797133563889117,0.0
2026-08-11,SMH,572.93,1088,2026-08-12|2026-08-14|2026-08-17|2026-08-19,14309,25798,60078,306390,1.8029212383814384,5.099870168780585,0.4358499999999999,-5475.364,575.0,9124.861,2.07000000000005,8.013946897815957,0.0
2026-08-11,SNDK,1271.05,2906,2026-08-14|2026-08-21|2026-08-28|2026-09-04,50447,41613,130516,136205,0.8248855234206197,1.0435885255447608,1.0199,1509.661,1300.0,921.755,28.950000000000045,4.734265309791088,0.0
2026-08-11,SOXL,133.0,1448,2026-08-14|2026-08-21|2026-08-28|2026-09-04,38532,73076,170763,467397,1.8965016090522164,2.7371093269619298,1.50815,-31019.089,160.0,4793.921,27.0,0.7168312951510797,0.0
2026-08-11,SPY,770.56,1440,2026-08-11|2026-08-12|2026-08-13|2026-08-14,4573865,4753626,1086902,872239,1.039301772133633,0.8025001334066917,0.10255,-76878.86700000009,780.0,384248.875,9.440000000000056,8.435704828368653,0.0
2026-08-11,TSLA,332.81,1016,2026-08-12|2026-08-14|2026-08-17|2026-08-19,756866,416891,267841,208536,0.5508121649010524,0.7785813225010361,0.41205,302814.198,335.0,65424.34,2.1899999999999977,23.10391244717325,1.0
2026-08-12,AAPL,302.25,518,2026-08-12|2026-08-14|2026-08-17|2026-08-19,594429,348247,275406,132779,0.5858512959495583,0.4821209414464463,0.16835,-132576.67400000003,307.5,37382.19,5.25,4.984932156516413,0.0
2026-08-12,AMD,482.93,1518,2026-08-12|2026-08-14|2026-08-17|2026-08-19,177028,101335,117653,147658,0.5724235714124319,1.2550296210041394,0.4153,104498.687,480.0,31096.076,-2.930000000000007,26.998112488140208,1.0
2026-08-12,AMZN,267.28,490,2026-08-12|2026-08-14|2026-08-17|2026-08-19,262712,189443,189540,107366,0.7211052407198758,0.5664556294185924,0.14725,-214167.02900000004,275.0,20397.705,7.720000000000027,2.8662656604074046,0.0
2026-08-12,AVGO,416.05,802,2026-08-12|2026-08-14|2026-08-17|2026-08-19,53877,38362,51928,60742,0.7120292518143178,1.1697350177168386,0.3175,-28428.575,432.5,3289.362,16.44999999999999,1.9710104457133537,0.0
2026-08-12,DIA,537.15,954,2026-08-14|2026-08-21|2026-08-28|2026-09-04,13527,9319,63297,82048,0.6889184593775413,1.2962383683270928,0.1089,18259.560000000005,550.0,12190.097000000002,12.850000000000025,7.858231622157047,1.0
2026-08-12,GOOGL,343.54,614,2026-08-12|2026-08-14|2026-08-17|2026-08-19,230562,139846,149310,90335,0.6065440098541824,0.6050164088138772,0.217,-55130.002,357.5,24868.78,13.95999999999998,5.559962094350371,0.0
2026-08-12,INTC,100.95,674,2026-08-12|2026-08-14|2026-08-17|2026-08-19,317673,193041,239228,159100,0.6076720401167238,0.6650559299078703,0.74525,918809.017,100.0,248381.386,-0.9500000000000028,33.37492217366571,1.0
2026-08-12,IWM,302.71,732,2026-08-12|2026-08-13|2026-08-14|2026-08-17,398715,443534,205387,317742,1.112408612668197,1.547040465073252,0.08415,1136010.008,303.0,415624.923,0.2900000000000204,39.31644758774568,1.0
2026-08-12,META,578.85,1250,2026-08-12|2026-08-14|2026-08-17|2026-08-19,331143,221989,133499,65422,0.6703720145073276,0.4900561052891782,0.14115,-25476.960000000003,600.0,3445.4909999999995,21.149999999999977,1.659771608085349,0.0
2026-08-12,MRVL,217.08,700,2026-08-14|2026-08-21|2026-08-28|2026-09-04,67754,33329,263745,193171,0.491911916639608,0.7324157803939411,0.81305,88656.548,240.0,21468.476,22.919999999999987,7.5027798858350625,1.0
2026-08-12,MSFT,492.43,752,2026-08-12|2026-08-14|2026-08-17|2026-08-19,177696,174647,117634,111732,0.9828414820817576,0.9498274308448238,0.1764,-108082.083,510.0,8436.912,17.569999999999993,1.4703105955074214,0.0
2026-08-12,MU,911.29,2020,2026-08-12|2026-08-14|2026-08-17|2026-08-19,603637,388790,169524,237960,0.6440791402780147,1.4036950520280314,0.4387999999999999,47510.023,900.0,17250.83,-11.289999999999964,29.165956808404925,1.0
2026-08-12,NFLX,74.21,526,2026-08-14|2026-08-21|2026-08-28|2026-09-04,88833,26300,676264,326668,0.2960611484470861,0.483048040410254,0.3177,687911.369,75.0,380603.8000000001,0.7900000000000063,29.112937043278382,1.0
2026-08-12,NVDA,224.09,556,2026-08-12|2026-08-14|2026-08-17|2026-08-19,1781481,960146,655096,453785,0.5389594388040063,0.692700001221195,0.29645,1072900.482,225.0,433626.738,0.9099999999999966,45.31523068090914,1.0
2026-08-12,PENG,58.73,208,2026-08-21|2026-09-18|2026-10-16|2026-12-18,2224,879,37339,28715,0.3952338129496403,0.769035057178821,0.9072,8191.018999999999,75.0,7865.077,16.270000000000003,6.834958893868225,0.0
2026-08-12,QQQ,723.7,1504,2026-08-12|2026-08-13|2026-08-14|2026-08-17,2423617,2451649,419634,625425,1.011566183930877,1.4904059251633566,0.1363,690763.573,725.0,177229.98999999996,1.2999999999999543,23.13460962048534,1.0
2026-08-12,SMH,584.83,1088,2026-08-12|2026-08-14|2026-08-17|2026-08-19,20160,92008,67422,315875,4.563888888888889,4.685043457625108,0.32985,42743.621,585.0,12462.144,0.169999999999959,28.02904320096912,1.0
2026-08-12,SNDK,1344.29,2906,2026-08-14|2026-08-21|2026-08-28|2026-09-04,82627,68767,139069,144384,0.8322582206784708,1.0382184383291748,1.1117,-267.36399999999986,1350.0,78.63199999999996,5.710000000000036,7.008277126110849,1.0
2026-08-12,SOXL,142.16,1448,2026-08-14|2026-08-21|2026-08-28|2026-09-04,61296,129131,179722,476736,2.1066790655181413,2.6526301732676023,1.3624999999999998,23729.630000000005,150.0,8643.418999999998,7.840000000000003,8.686944585082045,1.0
2026-08-12,SPY,772.49,1440,2026-08-12|2026-08-13|2026-08-14|2026-08-17,3863477,3899125,974458,872188,1.009226921759855,0.8950493505107454,0.08615,876458.7390000003,775.0,541100.52,2.509999999999991,34.34307619036848,1.0
2026-08-12,TSLA,327.51,1016,2026-08-12|2026-08-14|2026-08-17|2026-08-19,1072540,897833,324270,245169,0.8371091054879072,0.7560643907854566,0.1167,332977.98799999995,327.5,131263.023,-0.0099999999999909,49.4913268093993,1.0
2026-08-13,AAPL,305.26,590,2026-08-14|2026-08-17|2026-08-19|2026-08-21,475316,215354,625856,413866,0.4530754277154566,0.6612799110338481,0.25375,362895.109,310.0,159281.255,4.740000000000009,26.29110942457988,1.0
2026-08-13,AMD,483.01,1476,2026-08-14|2026-08-17|2026-08-19|2026-08-21,131571,97818,298801,317431,0.7434617050869873,1.0623491889250705,0.5914,62759.04399999998,500.0,24840.062,16.99000000000001,14.685640203198892,1.0
2026-08-13,AMZN,265.13,516,2026-08-14|2026-08-17|2026-08-19|2026-08-21,321531,121666,744631,341572,0.378395862296326,0.4587131075660293,0.30535,359464.33,270.0,139614.13900000002,4.8700000000000045,13.201136172975858,0.0
2026-08-13,AVGO,417.82,818,2026-08-14|2026-08-17|2026-08-19|2026-08-21,45607,28398,183626,180295,0.6226675729602912,0.9818598673390478,0.43035,8148.231000000007,430.0,11902.041,12.180000000000009,6.652993165922211,0.0
2026-08-13,DIA,537.91,954,2026-08-14|2026-08-21|2026-08-28|2026-09-04,23723,18767,70061,83533,0.7910888167601062,1.1922895762264312,0.0981499999999999,43252.088,550.0,17639.643,12.090000000000032,5.254709739004933,0.0
2026-08-13,GOOGL,346.36,736,2026-08-14|2026-08-17|2026-08-19|2026-08-21,162143,62148,417542,248254,0.383291292254368,0.5945605472024371,0.28905,86087.803,350.0,42789.19599999998,3.6399999999999855,20.06057787398173,1.0
2026-08-13,INTC,104.56,778,2026-08-14|2026-08-17|2026-08-19|2026-08-21,313617,193453,586416,497004,0.6168447501251526,0.8475280347057379,0.7234,877207.8090000001,105.0,196248.324,0.4399999999999977,27.112517355360986,1.0
2026-08-13,IWM,303.5,728,2026-08-13|2026-08-14|2026-08-17|2026-08-18,486183,433379,176223,328516,0.8913906903367662,1.86420614789216,0.0733,1127921.395,304.0,526216.431,0.5,50.535090460248135,1.0
2026-08-13,META,594.97,1356,2026-08-14|2026-08-17|2026-08-19|2026-08-21,197631,76929,439312,179932,0.3892557341712586,0.4095767928032924,0.37655,77883.629,600.0,29332.681000000004,5.029999999999973,28.136481798239817,1.0
2026-08-13,MRVL,222.18,704,2026-08-14|2026-08-21|2026-08-28|2026-09-04,117099,41293,274619,196465,0.3526332419576597,0.7154093489525488,0.8137,124391.28999999998,230.0,26038.447,7.819999999999993,17.015189532508973,1.0
2026-08-13,MSFT,496.88,796,2026-08-14|2026-08-17|2026-08-19|2026-08-21,231974,103869,496262,324577,0.4477613870519972,0.6540436301792198,0.28025,215785.89400000003,500.0,99814.94999999998,3.1200000000000045,19.883286109609216,0.0
2026-08-13,MU,949.83,2152,2026-08-14|2026-08-17|2026-08-19|2026-08-21,490719,301283,361689,474468,0.6139623695027093,1.3118120816502576,0.7117,24958.204,950.0,5740.867,0.169999999999959,31.92024406657507,1.0
2026-08-13,NFLX,78.24,528,2026-08-14|2026-08-21|2026-08-28|2026-09-04,333919,91551,685642,328379,0.274171281059179,0.4789365295591577,0.3843,1960312.698,80.0,504910.095,1.7600000000000051,24.599040615138573,1.0
2026-08-13,NVDA,225.3,640,2026-08-14|2026-08-17|2026-08-19|2026-08-21,1188599,589008,1410007,1077097,0.4955481200976948,0.7638947891748055,0.3445,2229478.71,225.0,647571.2000000001,-0.3000000000000113,38.61601562830803,1.0
2026-08-13,PENG,60.9,208,2026-08-21|2026-09-18|2026-10-16|2026-12-18,2466,1450,37351,28717,0.5879967558799676,0.7688415303472463,0.8735999999999999,10576.752999999992,75.0,7865.089999999999,14.1,8.236652177940686,0.0
2026-08-13,QQQ,732.07,1504,2026-08-13|2026-08-14|2026-08-17|2026-08-18,3152425,2898646,397831,646635,0.919497212463421,1.625401238214217,0.15295,1028315.466,730.0,294626.88,-2.07000000000005,30.325042632494768,1.0
2026-08-13,SMH,589.12,1184,2026-08-14|2026-08-17|2026-08-19|2026-08-21,39400,63658,230395,712971,1.6156852791878171,3.0945593437357584,0.40375,37378.343,600.0,21918.718,10.879999999999995,24.22384171254654,1.0
2026-08-13,SNDK,1528.11,2926,2026-08-14|2026-08-21|2026-08-28|2026-09-04,234757,136655,150071,158855,0.582112567463377,1.0585322947138354,1.03785,3681.138999999999,1500.0,2390.032,-28.1099999999999,15.337476933866926,1.0
2026-08-13,SOXL,145.36,1448,2026-08-14|2026-08-21|2026-08-28|2026-09-04,61126,141094,192863,480838,2.308248535811275,2.493158355931413,1.3552499999999998,46489.68599999999,150.0,14234.62,4.639999999999986,14.81863809774009,1.0
2026-08-13,SPY,777.88,1436,2026-08-13|2026-08-14|2026-08-17|2026-08-18,5841362,4488057,874105,796202,0.7683237231316943,0.910876839738933,0.0827499999999999,2908805.403,780.0,1255444.107,2.1200000000000045,44.0239999038754,1.0
2026-08-13,TSLA,339.96,1158,2026-08-14|2026-08-17|2026-08-19|2026-08-21,1161606,612677,645261,441108,0.5274395965585578,0.6836117478043768,0.4066999999999999,494742.314,340.0,89192.956,0.0400000000000204,25.93796910282516,1.0
2026-08-14,AAPL,305.93,590,2026-08-14|2026-08-17|2026-08-19|2026-08-21,640976,256111,648418,430819,0.3995641022440778,0.6644155467615026,0.1442999999999999,311269.7629999999,305.0,147548.232,-0.9300000000000068,38.62650037301812,1.0
2026-08-14,AMD,514.39,1476,2026-08-14|2026-08-17|2026-08-19|2026-08-21,454930,266736,317649,329506,0.5863231705976744,1.0373273644809209,0.28775,132384.54200000002,515.0,43914.78100000001,0.6100000000000136,43.649453836540566,1.0
2026-08-14,AMZN,262.65,516,2026-08-14|2026-08-17|2026-08-19|2026-08-21,320010,202040,782755,347628,0.6313552701478079,0.4441083097520936,0.1238,276287.743,270.0,121309.82600000002,7.350000000000023,9.288579896062268,0.0
2026-08-14,AVGO,392.99,818,2026-08-14|2026-08-17|2026-08-19|2026-08-21,244032,154368,192313,183374,0.6325727773406766,0.9535184828898724,0.31205,-52778.281,410.0,5654.643999999998,17.00999999999999,2.2091376335123987,0.0
2026-08-14,DIA,536.8,954,2026-08-14|2026-08-21|2026-08-28|2026-09-04,13946,20803,73944,89617,1.4916822027821597,1.2119576977171913,0.07515,-44718.785,550.0,10257.308,13.200000000000044,2.2890305091691427,0.0
2026-08-14,GOOGL,345.9,736,2026-08-14|2026-08-17|2026-08-19|2026-08-21,245995,90933,449616,254808,0.3696538547531454,0.5667236041422014,0.42195,126075.71300000002,347.5,64300.71599999999,1.6000000000000227,14.863880174724406,0.0
2026-08-14,INTC,102.5,778,2026-08-14|2026-08-17|2026-08-19|2026-08-21,321312,167917,618763,531819,0.5225979733094314,0.8594873966284344,0.5513,562142.8430000001,110.0,140154.666,7.5,17.449282349212563,1.0
2026-08-14,IWM,305.09,726,2026-08-14|2026-08-17|2026-08-18|2026-08-19,332490,431048,144843,282033,1.2964239526000785,1.9471634804581512,0.0467,1660164.0450000002,305.0,1473058.835,-0.0899999999999749,107.23070193612372,1.0
2026-08-14,META,589.85,1356,2026-08-14|2026-08-17|2026-08-19|2026-08-21,242247,107210,456194,185095,0.4425648202041717,0.4057374713389479,0.23445,106029.91500000004,590.0,75964.61200000002,0.1499999999999772,77.03167259988005,1.0
2026-08-14,MRVL,222.02,704,2026-08-14|2026-08-21|2026-08-28|2026-09-04,80149,33674,287625,203504,0.4201424846223908,0.7075323772272925,0.6485000000000001,154387.61,220.0,88425.405,-2.0200000000000102,59.67699412545339,1.0
2026-08-14,MSFT,495.4,796,2026-08-14|2026-08-17|2026-08-19|2026-08-21,254376,116817,518103,343131,0.4592296443060666,0.6622833683649776,0.20875,37899.76799999998,500.0,105794.93,4.600000000000023,14.607854716958707,0.0
2026-08-14,MU,971.66,2152,2026-08-14|2026-08-17|2026-08-19|2026-08-21,591973,386978,415522,517170,0.6537088684787988,1.2446272399536005,0.5391,44631.769,970.0,16351.609,-1.6599999999999682,31.364456572944203,1.0
2026-08-14,NFLX,78.16,528,2026-08-14|2026-08-21|2026-08-28|2026-09-04,185362,68381,710718,337492,0.36890516934431,0.4748606338941746,0.1267,2784053.5030000005,78.0,2131258.3940000003,-0.1599999999999966,88.39189729913538,1.0
2026-08-14,NVDA,225.16,640,2026-08-14|2026-08-17|2026-08-19|2026-08-21,1828280,891715,1464671,1117562,0.4877343732907432,0.763012307883477,0.0617,7538077.491999999,225.0,6604454.454,-0.1599999999999966,109.20534921802265,1.0
2026-08-14,PENG,63.8,208,2026-08-21|2026-09-18|2026-10-16|2026-12-18,853,782,38292,28935,0.9167643610785464,0.7556408649326231,0.89385,17942.563000000002,75.0,8566.841,11.200000000000005,20.437886657232447,1.0
2026-08-14,QQQ,731.07,1472,2026-08-14|2026-08-17|2026-08-18|2026-08-19,2889843,2736532,394276,669025,0.946948329026871,1.6968443425417727,0.0880499999999999,53700.04699999988,730.0,80422.32899999988,-1.07000000000005,14.047487528051269,0.0
2026-08-14,SMH,587.82,1246,2026-08-14|2026-08-17|2026-08-19|2026-08-21,27397,145887,236722,724413,5.3249260867978245,3.06018452023893,0.28095,-7322.557999999997,600.0,11598.505,12.17999999999995,13.774121506220864,1.0
2026-08-14,SNDK,1641.11,2926,2026-08-14|2026-08-21|2026-08-28|2026-09-04,293816,178043,168848,187460,0.6059676804530727,1.1102293186771537,1.1712,4866.741000000001,1650.0,1874.378,8.8900000000001,16.112574298479064,0.0
2026-08-14,SOXL,144.95,1448,2026-08-14|2026-08-21|2026-08-28|2026-09-04,93540,151667,199175,488455,1.6214132991233696,2.452391113342538,0.8268500000000001,55025.207,145.0,46650.19199999999,0.0500000000000113,47.38501598676222,1.0
2026-08-14,SPY,776.34,1400,2026-08-14|2026-08-17|2026-08-18|2026-08-19,4101225,4426730,790589,772442,1.079367749879609,0.9770462275594524,0.04465,1253566.1040000005,775.0,1026305.926,-1.3400000000000318,79.44940503479704,1.0
2026-08-14,TSLA,342.27,1158,2026-08-14|2026-08-17|2026-08-19|2026-08-21,2516387,1501198,710392,503656,0.5965688107592354,0.7089832092703746,0.1197999999999999,519862.755,342.5,342814.365,0.2300000000000182,81.43524522157537,1.0
2026-08-17,AAPL,305.59,534,2026-08-17|2026-08-19|2026-08-21|2026-08-24,536567,311723,477453,343182,0.5809582027966684,0.7187765078447512,0.1838,338325.57700000005,305.0,169299.53599999996,-0.589999999999975,41.5676653382782,1.0
2026-08-17,AMD,506.0,1260,2026-08-17|2026-08-19|2026-08-21|2026-08-24,246912,143680,256086,266427,0.5819077242094349,1.040380965769312,0.2183999999999999,52908.55600000001,500.0,10924.951,-6.0,18.76198792846536,1.0
2026-08-17,AMZN,261.31,472,2026-08-17|2026-08-19|2026-08-21|2026-08-24,463684,280829,658386,305775,0.6056473805436461,0.464431199934385,0.32885,297937.84699999995,270.0,122261.916,8.689999999999998,13.31956687870772,0.0
2026-08-17,AVGO,392.43,782,2026-08-17|2026-08-19|2026-08-21|2026-08-24,119821,76946,184526,161947,0.6421745770774739,0.8776378396540325,0.28125,11564.77700000001,410.0,6862.444,17.569999999999993,7.594072245520175,1.0
2026-08-17,DIA,534.19,948,2026-08-21|2026-08-28|2026-09-04|2026-09-11,19169,11901,60396,76295,0.6208461578590433,1.2632459103251872,0.1096,-25858.47700000001,540.0,9704.566,5.809999999999945,3.964761444702529,0.0
2026-08-17,GOOGL,344.0,580,2026-08-17|2026-08-19|2026-08-21|2026-08-24,118737,102698,349109,216017,0.8649199491312733,0.6187666316250798,0.30035,31971.47099999998,350.0,53025.347,6.0,12.784433417910735,0.0
2026-08-17,INTC,103.49,696,2026-08-17|2026-08-19|2026-08-21|2026-08-24,326557,157457,501319,419778,0.4821730968866078,0.8373470784071619,0.4733,532662.842,110.0,138854.118,6.510000000000005,19.24617820098943,1.0
2026-08-17,IWM,304.06,682,2026-08-17|2026-08-18|2026-08-19|2026-08-20,284413,385557,49098,77303,1.355623688087394,1.5744633182614365,0.07495,-184768.931,306.0,57933.862,1.9399999999999973,8.021989693463077,0.0
2026-08-17,META,568.97,1184,2026-08-17|2026-08-19|2026-08-21|2026-08-24,380126,352010,391147,141230,0.9260350515355434,0.3610662998821415,0.2248,-40603.011000000006,600.0,7065.499999999999,31.029999999999973,0.7843329561665922,0.0
2026-08-17,MRVL,234.33,562,2026-08-21|2026-08-28|2026-09-04|2026-09-11,97440,35863,236037,168335,0.3680521346469622,0.7131720874269712,0.7861499999999999,111621.608,250.0,26439.127,15.669999999999987,14.883672273569484,1.0
2026-08-17,MSFT,480.35,714,2026-08-17|2026-08-19|2026-08-21|2026-08-24,273265,285500,453834,285487,1.0447733884690684,0.629055998448772,0.13365,130663.81699999998,500.0,46203.226,19.649999999999977,14.355707701110337,1.0
2026-08-17,MU,1011.75,1768,2026-08-17|2026-08-19|2026-08-21|2026-08-24,670875,450955,314234,388984,0.672189305012111,1.2378800511720565,0.2334999999999999,49970.67800000001,1010.0,13699.365000000002,-1.75,31.252880139028736,1.0
2026-08-17,NFLX,76.02,520,2026-08-21|2026-08-28|2026-09-04|2026-09-11,99132,53265,596461,300560,0.5373138845176129,0.5039055361540822,0.34165,432688.3339999999,80.0,236311.523,3.980000000000004,24.2893229699505,1.0
2026-08-17,NVDA,225.01,624,2026-08-17|2026-08-19|2026-08-21|2026-08-24,1426252,812802,1222922,928970,0.5698866679941553,0.7596314401081998,0.09755,1826729.334,230.0,443892.817,4.990000000000009,24.10663504192561,1.0
2026-08-17,PENG,63.08,208,2026-08-21|2026-09-18|2026-10-16|2026-12-18,2260,1230,38557,28907,0.5442477876106194,0.7497211920014524,0.8888499999999999,19822.13599999999,75.0,8656.624,11.920000000000002,20.96986045029538,1.0
2026-08-17,QQQ,729.87,1662,2026-08-17|2026-08-18|2026-08-19|2026-08-20,2561219,2968635,204211,456381,1.159071129801864,2.234850228440192,0.0612,293207.9279999999,730.0,330299.2679999999,0.1299999999999954,69.04072742608183,1.0
2026-08-17,SMH,594.07,936,2026-08-17|2026-08-19|2026-08-20|2026-08-21,24627,55494,181261,538464,2.253380436106712,2.970655574006543,0.30305,17067.068000000003,600.0,12500.872,5.92999999999995,18.610245920968183,1.0
2026-08-17,SNDK,1786.85,2556,2026-08-21|2026-08-28|2026-09-04|2026-09-11,135760,110296,110201,119193,0.8124337065409546,1.0815963557499475,0.9562,826.345,1800.0,423.773,13.150000000000093,38.41815658108886,1.0
2026-08-17,SOXL,151.53,608,2026-08-19|2026-08-21|2026-08-24|2026-08-26,44480,78945,105849,269360,1.7748426258992809,2.5447571540590843,1.3249,9128.445000000009,160.0,3853.815,8.469999999999999,6.785377407001165,1.0
2026-08-17,SPY,772.67,1656,2026-08-17|2026-08-18|2026-08-19|2026-08-20,3702794,4795678,304293,465912,1.2951511750316114,1.5311295363350454,0.06075,-798944.842,780.0,15211.018,7.330000000000041,0.7778568079115318,0.0
2026-08-17,TSLA,339.3,1074,2026-08-17|2026-08-19|2026-08-21|2026-08-24,1101317,863575,582759,365332,0.7841293651146763,0.6269006570469096,0.23715,308984.78,340.0,143799.955,0.6999999999999886,54.80358965588125,1.0
2026-08-18,AAPL,310.03,534,2026-08-19|2026-08-21|2026-08-24|2026-08-26,592126,249096,470294,339338,0.4206807334925337,0.7215443956333698,0.2549,481694.7539999999,310.0,247324.851,-0.0299999999999727,52.22080572877458,1.0
2026-08-18,AMD,484.39,1272,2026-08-19|2026-08-21|2026-08-24|2026-08-26,114901,97530,245226,259040,0.8488176778269989,1.0563317103406653,0.5745,-3962.823999999997,500.0,7695.519,15.610000000000014,5.4779398509694985,0.0
2026-08-18,AMZN,259.45,480,2026-08-19|2026-08-21|2026-08-24|2026-08-26,305653,187945,677329,301266,0.6148966311470851,0.4447853258903723,0.3106,322438.6469999999,260.0,135269.16,0.5500000000000114,39.28546451805028,1.0
2026-08-18,AVGO,380.0,748,2026-08-19|2026-08-21|2026-08-24|2026-08-26,59578,46925,173014,156949,0.7876229480680789,0.9071462425006068,0.4217499999999999,-43511.86100000002,395.0,2957.379,15.0,1.3292832945184394,0.0
2026-08-18,DIA,532.91,948,2026-08-21|2026-08-28|2026-09-04|2026-09-11,11506,15698,66730,77807,1.3643316530505822,1.1659973025625656,0.1169999999999999,-23773.257999999994,540.0,11070.941,7.090000000000032,4.505255570430073,0.0
2026-08-18,GOOGL,344.2,590,2026-08-19|2026-08-21|2026-08-24|2026-08-26,109569,56939,344206,213735,0.5196634084458195,0.6209508259588735,0.2775499999999999,82776.49699999997,350.0,75715.406,5.800000000000011,32.546001380735845,1.0
2026-08-18,INTC,96.685,670,2026-08-19|2026-08-21|2026-08-24|2026-08-26,231224,147016,526138,418676,0.6358163512438155,0.7957532054327952,0.6752,-81180.24899999994,105.0,68495.61,8.314999999999998,5.078279980698063,0.0
2026-08-18,IWM,300.23,730,2026-08-18|2026-08-19|2026-08-20|2026-08-21,329341,578005,380442,1511135,1.755035054851962,3.972050930233781,0.0789499999999999,-701955.3730000001,305.0,132888.454,4.769999999999982,8.484495673042328,1.0
2026-08-18,META,543.67,1126,2026-08-19|2026-08-21|2026-08-24|2026-08-26,249630,263909,412111,148456,1.0572006569723191,0.3602330440099876,0.415,-63556.672,577.5,423.8130000000001,33.83000000000004,0.0130646515206491,0.0
2026-08-18,MRVL,216.0,592,2026-08-21|2026-08-28|2026-09-04|2026-09-11,52204,27215,250154,176349,0.5213202053482492,0.7049617435659634,0.8022,42872.58900000001,240.0,12907.243,24.0,6.631062025958474,1.0
2026-08-18,MSFT,481.63,706,2026-08-19|2026-08-21|2026-08-24|2026-08-26,144294,72782,443528,290100,0.5044007373833977,0.6540736999693367,0.2683999999999999,133830.09999999998,480.0,52713.326,-1.6299999999999957,32.367745882667144,1.0
2026-08-18,MU,940.76,1734,2026-08-19|2026-08-21|2026-08-24|2026-08-26,350032,257927,304954,390047,0.736866915024912,1.279035526669596,0.71865,-4642.873,970.0,410.97800000000007,29.24000000000001,0.6741802692501387,0.0
2026-08-18,NFLX,77.77,520,2026-08-21|2026-08-28|2026-09-04|2026-09-11,174918,54999,616901,304429,0.3144273316639797,0.4934811258208367,0.3631999999999999,1132101.152,80.0,424542.62599999993,2.230000000000004,33.77989339241293,1.0
2026-08-18,NVDA,219.74,648,2026-08-19|2026-08-21|2026-08-24|2026-08-28,920973,529154,1533390,1029942,0.5745597319356811,0.6716764815213351,0.3461999999999999,1025164.091,227.5,264543.42600000004,7.759999999999991,18.29331483532167,1.0
2026-08-18,PENG,58.36,208,2026-08-21|2026-09-18|2026-10-16|2026-12-18,1977,1101,39157,29150,0.5569044006069803,0.7444390530428787,0.95245,2357.46000000001,75.0,7147.474999999999,16.64,6.692637043807597,0.0
2026-08-18,QQQ,717.51,1748,2026-08-18|2026-08-19|2026-08-20|2026-08-21,3178692,3642962,833395,1361333,1.1460569315932465,1.6334787225745295,0.0583999999999999,-675902.9910000002,730.0,46224.942,12.490000000000007,1.995457956595671,0.0
2026-08-18,SMH,569.77,920,2026-08-19|2026-08-20|2026-08-21|2026-08-24,46716,50584,181443,550769,1.082798184776094,3.0354932403013617,0.4058,-53357.79400000001,600.0,4988.324999999999,30.23000000000001,0.4900928330772504,0.0
2026-08-18,SNDK,1625.78,2640,2026-08-21|2026-08-28|2026-09-04|2026-09-11,124475,94861,125890,143002,0.762088772845953,1.1359281912781,0.9696,137.18299999999974,1630.0,69.931,4.220000000000027,24.10343798335134,1.0
2026-08-18,SOXL,129.1,608,2026-08-19|2026-08-21|2026-08-24|2026-08-26,75288,108008,121608,291856,1.4345978110721496,2.3999736859417142,1.3883,-103346.27299999996,142.0,3670.940000000001,12.900000000000006,1.1537168366887505,0.0
2026-08-18,SPY,767.45,1804,2026-08-18|2026-08-19|2026-08-20|2026-08-21,3637757,4883013,1202683,3131160,1.3423142337434852,2.603479054746762,0.036,-907452.034,775.0,166854.37900000002,7.549999999999954,5.061609885887029,0.0
2026-08-18,TSLA,336.87,1050,2026-08-19|2026-08-21|2026-08-24|2026-08-26,717086,595922,541593,350710,0.8310328189366408,0.6475526825494421,0.4424,135231.95899999997,345.0,39393.611,8.129999999999995,8.325986352518308,0.0
2026-08-19,AAPL,316.83,534,2026-08-19|2026-08-21|2026-08-24|2026-08-26,1100373,517561,492965,357946,0.470350508418509,0.7261083444057894,0.2034,661998.279,315.0,147520.12999999998,-1.829999999999984,24.57973107989007,1.0
2026-08-19,AMD,466.42,1272,2026-08-19|2026-08-21|2026-08-24|2026-08-26,187212,137783,264689,279179,0.735973121381108,1.0547434914182303,0.243,-61220.258,500.0,5087.982999999999,33.579999999999984,0.1587373303279255,0.0
2026-08-19,AMZN,265.84,480,2026-08-19|2026-08-21|2026-08-24|2026-08-26,490040,180603,700848,322475,0.3685474655130193,0.4601211674999429,0.16775,941395.687,265.0,365842.101,-0.839999999999975,48.59624251356565,1.0
2026-08-19,AVGO,362.48,748,2026-08-19|2026-08-21|2026-08-24|2026-08-26,102152,103988,183807,162773,1.0179732163834283,0.8855647499823184,0.3149,-95783.566,392.5,768.3080000000001,30.019999999999985,0.0653258907429729,0.0
2026-08-19,DIA,534.27,948,2026-08-21|2026-08-28|2026-09-04|2026-09-11,22077,19108,70540,82604,0.8655161480273588,1.1710235327473777,0.11185,-22309.652999999984,540.0,14662.009000000002,5.730000000000018,5.6792875476175535,0.0
2026-08-19,GOOGL,344.72,618,2026-08-19|2026-08-21|2026-08-24|2026-08-26,231916,74829,360918,222482,0.3226556166888011,0.6164336497486964,0.1603,181209.62300000005,345.0,114163.762,0.2799999999999727,48.65802139610377,1.0
2026-08-19,INTC,92.8,670,2026-08-19|2026-08-21|2026-08-24|2026-08-26,324299,198304,569421,454888,0.6114850801266732,0.7988605969923835,0.42435,-518297.726,105.0,16656.624,12.200000000000005,0.9454471621750874,0.0
2026-08-19,IWM,301.72,730,2026-08-19|2026-08-20|2026-08-21|2026-08-24,248170,355387,385476,1505792,1.43203046298908,3.9063184218991593,0.1578,192686.9059999999,305.0,170269.10199999998,3.2799999999999727,18.845831237424097,1.0
2026-08-19,META,546.03,1126,2026-08-19|2026-08-21|2026-08-24|2026-08-26,307784,183807,470564,165909,0.5971947859537857,0.352574782601304,0.2838,-50897.71899999998,547.5,5299.759999999998,1.4700000000000273,3.753427386507254,0.0
2026-08-19,MRVL,237.27,592,2026-08-21|2026-08-28|2026-09-04|2026-09-11,131133,47170,257339,181718,0.3597111329718682,0.7061424813184166,0.8709,139741.103,250.0,31616.548,12.72999999999999,16.71815202649097,1.0
2026-08-19,MSFT,484.31,706,2026-08-19|2026-08-21|2026-08-24|2026-08-26,491062,128150,453600,298452,0.2609650105282021,0.657962962962963,0.16525,214449.745,480.0,59675.106,-4.310000000000002,26.011420162329333,1.0
2026-08-19,MU,937.105,1734,2026-08-19|2026-08-21|2026-08-24|2026-08-26,445091,296710,353717,422973,0.6666277233195009,1.1957949434152162,0.30635,-4930.926999999999,970.0,972.437,32.89499999999998,0.2962155036960578,0.0
2026-08-19,NFLX,80.22,520,2026-08-21|2026-08-28|2026-09-04|2026-09-11,181654,61049,624066,307440,0.3360729738954275,0.4926402015171472,0.3624,1611200.301,80.0,656201.7660000001,-0.2199999999999988,52.38592466317916,1.0
2026-08-19,NVDA,217.56,648,2026-08-19|2026-08-21|2026-08-24|2026-08-28,1436579,845142,1674024,1087947,0.5883017919654958,0.6498992845980702,0.13295,177765.14799999958,220.0,352348.81399999995,2.4399999999999977,8.926075215697283,0.0
2026-08-19,PENG,52.95,208,2026-08-21|2026-09-18|2026-10-16|2026-12-18,2870,838,38807,29576,0.29198606271777,0.7621305434586544,0.9419,-18734.851000000013,75.0,5976.446,22.05,2.807748692282793,0.0
2026-08-19,QQQ,716.08,1652,2026-08-19|2026-08-20|2026-08-21|2026-08-24,3304737,3208174,922305,1384483,0.9707804282156188,1.501111888149799,0.0973499999999999,-967523.258,730.0,37916.052,13.91999999999996,1.1082743570503666,0.0
2026-08-19,SMH,560.92,960,2026-08-19|2026-08-20|2026-08-21|2026-08-24,31254,60095,199785,553391,1.922793882383055,2.7699326776284505,0.21785,-116986.49,550.0,4722.9580000000005,-10.91999999999996,1.4182408511564617,0.0
2026-08-19,SNDK,1568.87,2640,2026-08-21|2026-08-28|2026-09-04|2026-09-11,107910,72321,142715,155218,0.6701973867111481,1.0876081701292786,0.97385,-1050.4660000000003,1535.0,59.182,-33.86999999999989,0.0927249282356666,0.0
2026-08-19,SOXL,120.74,616,2026-08-19|2026-08-21|2026-08-24|2026-08-26,96768,70946,134235,319732,0.7331555886243386,2.3818825194621374,0.95825,-223568.76,142.0,1768.415,21.260000000000005,0.1812604057443875,0.0
2026-08-19,SPY,769.06,1740,2026-08-19|2026-08-20|2026-08-21|2026-08-24,4155858,4636405,1232496,3143698,1.1156312366784429,2.550676026534772,0.0686499999999999,-254060.0639999999,775.0,212128.75699999995,5.940000000000055,13.711030167729556,1.0
2026-08-19,TSLA,351.12,1050,2026-08-19|2026-08-21|2026-08-24|2026-08-26,1492999,1046465,597668,378944,0.7009147360446993,0.6340376262406553,0.27075,627016.359,350.0,355277.616,-1.1200000000000043,64.52447342794379,1.0
2026-08-20,AAPL,311.3,584,2026-08-21|2026-08-24|2026-08-26|2026-08-28,564513,274925,521067,389848,0.4870126994418197,0.7481724998896495,0.29355,283876.189,310.0,173379.865,-1.3000000000000114,40.124824959215765,1.0
2026-08-20,AMD,469.455,1342,2026-08-21|2026-08-24|2026-08-26|2026-08-28,139031,117183,294116,296409,0.8428551905690098,1.0077962436589645,0.5822,-17113.21899999999,500.0,6795.242,30.545000000000016,0.8095715634942112,0.0
2026-08-20,AMZN,260.11,476,2026-08-21|2026-08-24|2026-08-26|2026-08-28,315852,134798,767269,345432,0.426775831718653,0.4502097699763707,0.3339,370672.045,260.0,168130.51700000005,-0.1100000000000136,43.896048062560325,1.0
2026-08-20,AVGO,364.03,794,2026-08-21|2026-08-24|2026-08-26|2026-08-28,70721,57672,218366,175286,0.8154862063602042,0.8027165401207148,0.42505,-83856.764,385.0,812.0990000000002,20.970000000000027,0.2152420971383315,0.0
2026-08-20,DIA,527.51,948,2026-08-21|2026-08-28|2026-09-04|2026-09-11,24113,25172,79150,88878,1.0439182183884212,1.122905874921036,0.13155,-120636.327,540.0,5688.448,12.490000000000007,1.3605049576746089,0.0
2026-08-20,GOOGL,340.67,710,2026-08-21|2026-08-24|2026-08-26|2026-08-28,121359,113344,385116,240435,0.9339562784795524,0.6243183871872371,0.3169,-18723.550999999978,350.0,35022.628,9.329999999999984,6.418383412178252,0.0
2026-08-20,INTC,92.13,694,2026-08-21|2026-08-24|2026-08-26|2026-08-28,238844,187670,607869,503598,0.7857429954279781,0.82846468564773,0.6364000000000001,-323809.27700000006,99.0,31520.417,6.8700000000000045,2.45496398820798,0.0
2026-08-20,IWM,297.67,730,2026-08-20|2026-08-21|2026-08-24|2026-08-25,408218,581162,383197,1494802,1.4236559877320452,3.9008708314522296,0.11555,-1152785.979,300.0,126274.88799999996,2.329999999999984,4.54424372896803,0.0
2026-08-20,META,545.83,1322,2026-08-21|2026-08-24|2026-08-26|2026-08-28,165817,104457,511625,169233,0.6299535029580803,0.3307754703151722,0.4138,-37591.105,570.0,4019.909,24.16999999999996,1.0642069917225143,0.0
2026-08-20,MRVL,251.01,696,2026-08-21|2026-08-28|2026-09-04|2026-09-11,141380,51846,273601,188246,0.3667138209081907,0.6880311109974013,0.88605,192847.18,250.0,59644.781,-1.009999999999991,36.00543195304453,1.0
2026-08-20,MSFT,481.15,758,2026-08-21|2026-08-24|2026-08-26|2026-08-28,86710,74159,300404,316730,0.8552531426594395,1.0543468129585492,0.292,92873.34,480.0,85493.47500000002,-1.1499999999999773,48.34258808302408,1.0
2026-08-20,MU,974.33,1946,2026-08-21|2026-08-24|2026-08-26|2026-08-28,330138,235179,365216,440257,0.7123657379641241,1.2054701875054763,0.7332000000000001,29211.014000000003,1000.0,11185.983,25.66999999999996,11.71135593345873,1.0
2026-08-20,NFLX,80.14,542,2026-08-21|2026-08-28|2026-09-04|2026-09-11,116534,71647,615498,317956,0.6148162767947551,0.5165833195233778,0.3518,1518368.759,80.0,671346.966,-0.1400000000000005,56.8530926936978,1.0
2026-08-20,NVDA,216.85,660,2026-08-21|2026-08-24|2026-08-28|2026-08-31,1127060,641922,1642278,1045062,0.5695544159139708,0.6363490225162853,0.33555,825032.2250000001,220.0,445662.5120000001,3.1500000000000057,32.34721904061411,1.0
2026-08-20,PENG,51.14,208,2026-08-21|2026-09-18|2026-10-16|2026-12-18,2540,8512,39479,29766,3.351181102362205,0.7539704653106715,1.1199,-22310.932,75.0,5528.514,23.86,2.168383305063684,0.0
2026-08-20,QQQ,710.93,1588,2026-08-20|2026-08-21|2026-08-24|2026-08-25,2872701,3571993,907881,1350685,1.2434266566551826,1.4877335245478207,0.0972,-1045883.208,725.0,7911.581,14.07000000000005,0.2570083802682444,0.0
2026-08-20,SMH,562.65,858,2026-08-20|2026-08-21|2026-08-24|2026-08-25,19137,40858,197481,528977,2.1350263886711605,2.6786222472035286,0.16675,-41053.485000000015,562.5,6010.482,-0.1499999999999772,16.399664330390667,1.0
2026-08-20,SNDK,1600.62,2678,2026-08-21|2026-08-28|2026-09-04|2026-09-11,119464,71397,155189,159420,0.5976444786713989,1.027263530275986,0.8826499999999999,649.6309999999987,1600.0,169.54699999999994,-0.6199999999998909,27.969180761968097,1.0
2026-08-20,SOXL,122.21,1198,2026-08-21|2026-08-24|2026-08-26|2026-08-28,58266,90675,158401,404098,1.5562248995983936,2.551107631896264,1.213,-174737.374,150.0,2186.712,27.790000000000006,0.1453900802354009,0.0
2026-08-20,SPY,762.6,1708,2026-08-20|2026-08-21|2026-08-24|2026-08-25,3997108,5227178,1213131,3130728,1.3077399960171203,2.5807006827786942,0.1124,-1427479.819,775.0,26463.793,12.399999999999975,0.6270993420238323,0.0
2026-08-20,TSLA,345.13,1098,2026-08-21|2026-08-24|2026-08-26|2026-08-28,778820,782560,639071,451218,1.0048021365655735,0.7060530050651649,0.43205,271307.10300000006,350.0,80604.43899999998,4.8700000000000045,22.84950688859941,1.0
2026-08-21,AAPL,309.35,584,2026-08-21|2026-08-24|2026-08-26|2026-08-28,780634,538700,586269,416570,0.6900801143685773,0.7105441358830161,0.11705,1490809.7369999995,310.0,1404879.025,0.6499999999999773,111.12876363782496,1.0
2026-08-21,AMD,473.25,1342,2026-08-21|2026-08-24|2026-08-26|2026-08-28,175129,174943,315623,303664,0.9989379257575844,0.9621098589139576,0.3507,19082.96,475.0,11271.117999999997,1.75,11.74715990811651,0.0
2026-08-21,AMZN,258.63,476,2026-08-21|2026-08-24|2026-08-26|2026-08-28,456432,213157,781093,346296,0.4670071335927367,0.443347975209098,0.48475,246547.7800000001,260.0,204805.135,1.3700000000000043,27.189076971046333,0.0
2026-08-21,AVGO,368.45,794,2026-08-21|2026-08-24|2026-08-26|2026-08-28,135956,62782,231075,164451,0.4617817529200623,0.7116780266147354,0.25095,2423.327000000002,367.5,17304.6,-0.9499999999999886,42.83409886326979,1.0
2026-08-21,DIA,532.22,948,2026-08-21|2026-08-28|2026-09-04|2026-09-11,23416,23611,84397,91206,1.0083276392210454,1.080678223159591,0.0881499999999999,46333.778000000006,532.0,36128.952,-0.2200000000000272,38.14747512416951,1.0
2026-08-21,GOOGL,344.82,710,2026-08-21|2026-08-24|2026-08-26|2026-08-28,215852,120614,402248,249344,0.5587810166225006,0.6198762952208587,0.236,329485.20900000003,345.0,244227.491,0.1800000000000068,85.75667876388711,1.0
2026-08-21,INTC,90.07,694,2026-08-21|2026-08-24|2026-08-26|2026-08-28,266257,167727,670152,497423,0.6299440014722618,0.7422539961083455,0.125,-5624163.638,100.0,37479.705,9.930000000000009,0.2702439716704332,0.0
2026-08-21,IWM,299.96,730,2026-08-21|2026-08-24|2026-08-25|2026-08-26,285898,395257,384525,1454251,1.3825105457191027,3.781941356218711,0.0905,1864473.8060000003,300.0,1923311.0740000005,0.0400000000000204,114.60288365631908,1.0
2026-08-21,META,549.9,1322,2026-08-21|2026-08-24|2026-08-26|2026-08-28,359164,139461,531335,161877,0.3882933701595928,0.3046609013146132,0.1559499999999999,-79818.51600000002,552.5,3812.889,2.6000000000000227,1.948747051935118,0.0
2026-08-21,MRVL,237.04,696,2026-08-21|2026-08-28|2026-09-04|2026-09-11,147914,75057,287804,202671,0.507436753789364,0.7041979958582925,0.3594,82597.41900000001,237.5,23018.225,0.4600000000000079,36.52246528449006,1.0
2026-08-21,MSFT,483.24,758,2026-08-21|2026-08-24|2026-08-26|2026-08-28,221543,106456,305156,313400,0.4805207115548675,1.027015690335435,0.2290499999999999,157876.02399999998,480.0,102650.213,-3.240000000000009,61.11465081358176,1.0
2026-08-21,MU,966.78,1946,2026-08-21|2026-08-24|2026-08-26|2026-08-28,467027,360564,392455,456653,0.7720410169005218,1.1635805378960644,0.4085999999999999,45327.898,960.0,21149.929000000004,-6.779999999999973,43.59287196296032,1.0
2026-08-21,NFLX,79.59,542,2026-08-21|2026-08-28|2026-09-04|2026-09-11,135845,57606,623353,323525,0.424056829474769,0.5190076890622167,0.3523,646946.805,80.0,353331.81000000006,0.4099999999999966,65.73289646304644,1.0
2026-08-21,NVDA,214.72,660,2026-08-21|2026-08-24|2026-08-28|2026-08-31,1594483,986872,1690755,1094956,0.6189291450583042,0.6476136400602098,0.1139,-1680284.983,222.5,119801.42,7.780000000000001,1.8979014644975467,0.0
2026-08-21,PENG,52.62,208,2026-08-21|2026-09-18|2026-10-16|2026-12-18,1493,423,40276,26566,0.2833221701272606,0.6595987684973682,3.02055,-1764.6920000000025,75.0,6284.236,22.380000000000003,4.46612566769347,0.0
2026-08-21,QQQ,713.44,1494,2026-08-21|2026-08-24|2026-08-25|2026-08-26,2949600,2806322,889283,1239997,0.9514245999457552,1.394378392480234,0.07175,-26509.92599999993,714.0,11239.971000000029,0.5599999999999454,14.068372926801054,1.0
2026-08-21,SMH,560.42,952,2026-08-21|2026-08-24|2026-08-25|2026-08-26,19416,34251,202844,521508,1.7640605686032138,2.5709806550846954,0.09285,-264253.4239999999,562.5,2485.8209999999995,2.080000000000041,0.5202408796376412,0.0
2026-08-21,SNDK,1596.08,2678,2026-08-21|2026-08-28|2026-09-04|2026-09-11,115526,82083,164326,159336,0.7105153818188114,0.9696335333422588,0.2717,12596.000999999998,1600.0,13411.66,3.9200000000000728,95.71210777377884,1.0
2026-08-21,SOXL,120.6,1198,2026-08-21|2026-08-24|2026-08-26|2026-08-28,94848,145847,163164,408412,1.5376918859649122,2.503076659066951,0.82805,-257562.763,150.0,2785.916,29.40000000000001,0.0983319511174843,0.0
2026-08-21,SPY,765.72,1644,2026-08-21|2026-08-24|2026-08-25|2026-08-26,3817436,4262389,1237141,3041061,1.1165580772015562,2.458136138079653,0.0457,-681659.517,772.0,39526.678,6.279999999999973,1.883289228711336,0.0
2026-08-21,TSLA,362.86,1098,2026-08-21|2026-08-24|2026-08-26|2026-08-28,2661636,1584648,690331,466104,0.5953661582575529,0.6751891483940313,0.1936,467252.753,362.5,162297.055,-0.3600000000000136,46.011952224695385,1.0
2026-08-24,AAPL,310.34,498,2026-08-24|2026-08-26|2026-08-28|2026-08-31,692128,295335,186166,105119,0.426705753848999,0.5646519772675999,0.1664,235988.85,310.0,110662.475,-0.339999999999975,46.706512078669945,1.0
2026-08-24,AMD,456.745,1252,2026-08-24|2026-08-26|2026-08-28|2026-08-31,144723,131054,98137,124886,0.9055506035668138,1.27256794073591,0.3322,-37200.69800000001,470.0,4153.138,13.254999999999995,2.238550567074779,0.0
2026-08-24,AMZN,262.07,436,2026-08-24|2026-08-26|2026-08-28|2026-08-31,417395,204863,176513,72998,0.4908132584242743,0.4135559420552593,0.16405,425938.117,262.5,264424.07700000005,0.4300000000000068,68.41755952721437,1.0
2026-08-24,AVGO,358.76,748,2026-08-24|2026-08-26|2026-08-28|2026-08-31,67249,80601,87452,68712,1.1985457032818332,0.7857110186159264,0.23255,-60401.199,380.0,3119.428000000001,21.24000000000001,0.8161459016503497,0.0
2026-08-24,DIA,533.65,976,2026-08-28|2026-09-04|2026-09-11|2026-09-18,17369,15116,75106,94320,0.8702861419770856,1.255825100524592,0.1302,3169.5509999999977,545.0,18121.998,11.350000000000025,5.305399577237158,0.0
2026-08-24,GOOGL,348.06,540,2026-08-24|2026-08-26|2026-08-28|2026-08-31,265628,85295,113548,69079,0.3211069616154923,0.6083682671645472,0.3485,266831.285,347.5,166925.0,-0.5600000000000023,67.053965275596,1.0
2026-08-24,INTC,87.26,578,2026-08-24|2026-08-26|2026-08-28|2026-08-31,274560,147351,213884,161249,0.536680506993007,0.753908660769389,0.32665,-166207.23000000004,100.0,40088.113,12.739999999999997,3.348018796254483,0.0
2026-08-24,IWM,297.97,672,2026-08-24|2026-08-25|2026-08-26|2026-08-27,286817,281816,54516,96709,0.98256379503307,1.7739562697189817,0.09325,-275132.51800000004,304.0,8175.844,6.029999999999973,1.234509817651558,0.0
2026-08-24,META,559.02,1156,2026-08-24|2026-08-26|2026-08-28|2026-08-31,366330,122833,123851,57398,0.3353069636666393,0.4634439770369234,0.1759,34608.964,560.0,11808.717999999995,0.9800000000000182,34.06729210211961,1.0
2026-08-24,MRVL,229.29,662,2026-08-28|2026-09-04|2026-09-11|2026-09-18,57557,27871,242212,263391,0.4842330211790052,1.0874399286575396,1.25905,40106.096000000005,250.0,18484.61,20.710000000000008,14.403450180005578,1.0
2026-08-24,MSFT,487.31,652,2026-08-24|2026-08-26|2026-08-28|2026-08-31,219175,132034,86646,59509,0.6024135964412,0.686806084527849,0.1085,55230.373,487.5,21499.355000000003,0.1899999999999977,37.9850263579,1.0
2026-08-24,MU,910.43,1708,2026-08-24|2026-08-26|2026-08-28|2026-08-31,524890,395406,123217,184716,0.7533121225399607,1.4991113239244584,0.29705,-30021.12100000001,935.0,152.08599999999998,24.57000000000005,0.0896709449765246,0.0
2026-08-24,NFLX,80.01,592,2026-08-28|2026-09-04|2026-09-11|2026-09-18,94517,39961,576602,315824,0.4227916671075045,0.5477330983936927,0.3516,859061.03,80.0,162167.24099999998,-0.0100000000000051,22.45945011500128,1.0
2026-08-24,NVDA,208.48,574,2026-08-24|2026-08-28|2026-08-31|2026-09-02,1533339,848586,790064,406246,0.553423606912757,0.5141937868324591,0.33195,297590.105,222.5,83186.48000000001,14.02000000000001,4.6475153608469775,0.0
2026-08-24,PENG,50.68,226,2026-09-18|2026-10-16|2026-12-18|2027-01-15,2169,365,40771,30753,0.1682803135085293,0.7542861347526428,0.8431500000000001,10433.23,75.0,5778.01,24.32,3.571679678663616,0.0
2026-08-24,QQQ,706.32,1316,2026-08-24|2026-08-25|2026-08-26|2026-08-27,3139873,3453495,213898,393872,1.0998836577148183,1.841401041617968,0.09865,-364297.05,716.0,11791.653,9.67999999999995,1.1406477248764684,0.0
2026-08-24,SMH,546.8,676,2026-08-24|2026-08-25|2026-08-26|2026-08-27,17038,29276,10829,26429,1.7182767930508276,2.440576230492197,0.2531,-22730.904,580.0,28.491,33.200000000000045,0.0038468236995737,0.0
2026-08-24,SNDK,1493.12,2626,2026-08-28|2026-09-04|2026-09-11|2026-09-18,113238,70539,102146,121655,0.6229269326551158,1.190991326141014,0.90285,-746.359,1485.0,27.37,-8.11999999999989,1.4885973039739355,0.0
2026-08-24,SOXL,111.16,946,2026-08-24|2026-08-26|2026-08-28|2026-08-31,92846,118416,64590,153921,1.275402279042716,2.383046911286577,0.79735,-155083.527,119.0,265.73,7.840000000000003,0.0782840508263159,0.0
2026-08-24,SPY,763.47,1432,2026-08-24|2026-08-25|2026-08-26|2026-08-27,3735104,4742996,294947,454612,1.269843088706499,1.5413345448504308,0.0703,-1088476.842,769.0,12445.188999999998,5.529999999999973,0.5081502301082269,0.0
2026-08-24,TSLA,348.95,960,2026-08-24|2026-08-26|2026-08-28|2026-08-31,1450129,1156567,323906,271424,0.7975614583254317,0.8379715102529747,0.28835,114246.446,350.0,34930.776,1.0500000000000114,26.761948671355043,1.0
2026-08-25,AAPL,309.9,498,2026-08-26|2026-08-28|2026-08-31|2026-09-02,337074,176523,190739,96631,0.5236921269513519,0.5066137496788805,0.2488999999999999,225706.503,315.0,78772.308,5.100000000000023,22.47760332173301,1.0
2026-08-25,AMD,479.18,1246,2026-08-26|2026-08-28|2026-08-31|2026-09-02,170226,99434,102156,122213,0.5841293339442858,1.19633697482282,0.56715,44554.20999999999,500.0,10217.897,20.82,7.666437760470808,1.0
2026-08-25,AMZN,261.06,432,2026-08-26|2026-08-28|2026-08-31|2026-09-02,229214,124740,181082,80259,0.5442075963946356,0.4432190941120597,0.30105,210511.70599999995,270.0,61072.30699999999,8.939999999999998,18.286456007912825,1.0
2026-08-25,AVGO,356.74,560,2026-08-26|2026-08-28|2026-08-31|2026-09-02,73562,36000,85028,58774,0.4893831054076833,0.6912311238650798,0.42375,-39834.84500000001,370.0,4505.223999999998,13.259999999999993,2.102328658074561,0.0
2026-08-25,DIA,535.24,976,2026-08-28|2026-09-04|2026-09-11|2026-09-18,12408,8346,83387,98973,0.6726305609284333,1.1869116289109811,0.1323,36430.811,540.0,24073.737,4.759999999999991,7.402056307459679,0.0
2026-08-25,GOOGL,346.96,526,2026-08-26|2026-08-28|2026-08-31|2026-09-02,71742,33900,113173,66895,0.4725265534833152,0.5910862131427107,0.28085,157816.59299999996,355.0,55075.92199999999,8.04000000000002,20.914576861418382,1.0
2026-08-25,INTC,87.48,584,2026-08-26|2026-08-28|2026-08-31|2026-09-02,199962,81111,226489,161429,0.4056320700933177,0.7127454313454517,0.6537999999999999,103650.451,90.0,81057.779,2.519999999999996,17.998469986393705,1.0
2026-08-25,IWM,299.23,706,2026-08-25|2026-08-26|2026-08-27|2026-08-28,309079,350558,112082,233349,1.134201935427512,2.0819489302474974,0.11155,-174946.90099999998,302.0,82042.766,2.769999999999982,14.019363032185623,1.0
2026-08-25,META,570.05,1142,2026-08-26|2026-08-28|2026-08-31|2026-09-02,207182,67614,128191,58931,0.3263507447558185,0.4597124603131265,0.3679,66361.775,585.0,10515.404,14.950000000000044,9.883078072119384,1.0
2026-08-25,MRVL,240.38,662,2026-08-28|2026-09-04|2026-09-11|2026-09-18,58162,30192,260357,272607,0.5191018190571163,1.0470507802747766,1.41405,76108.486,250.0,21212.056,9.620000000000005,22.835023101787097,1.0
2026-08-25,MSFT,491.71,642,2026-08-26|2026-08-28|2026-08-31|2026-09-02,94614,62658,86397,57441,0.6622487158348659,0.6648494739400673,0.2491999999999999,75838.805,500.0,21417.751,8.29000000000002,19.794700862495898,1.0
2026-08-25,MU,932.97,1696,2026-08-26|2026-08-28|2026-08-31|2026-09-02,224231,125291,127529,193037,0.5587586016206502,1.5136714002305358,0.6615,4850.912000000003,950.0,2021.921,17.029999999999973,7.477822943860887,0.0
2026-08-25,NFLX,82.23,592,2026-08-28|2026-09-04|2026-09-11|2026-09-18,162194,51512,604929,326697,0.3175949788524853,0.5400584200790506,0.36645,1311766.4099999997,85.0,273044.005,2.769999999999996,20.077550321420667,1.0
2026-08-25,NVDA,213.05,586,2026-08-28|2026-08-31|2026-09-02|2026-09-04,1066314,359881,944026,580433,0.3375000234452516,0.6148485317141689,0.82005,703575.6839999999,230.0,154735.751,16.94999999999999,8.132038921153168,1.0
2026-08-25,PENG,50.38,226,2026-09-18|2026-10-16|2026-12-18|2027-01-15,2018,417,41365,30874,0.2066402378592666,0.7463797896772634,0.85055,10584.487000000005,75.0,5274.744,24.62,3.090233501049602,0.0
2026-08-25,QQQ,710.72,1410,2026-08-25|2026-08-26|2026-08-27|2026-08-28,3712458,2812106,523969,612579,0.7574781990799626,1.169113058215276,0.0998,406291.457,710.0,141049.996,-0.7200000000000273,26.093156439178248,1.0
2026-08-25,SMH,555.82,764,2026-08-25|2026-08-26|2026-08-27|2026-08-28,30931,31458,58412,232777,1.0170379231192008,3.985088680408136,0.23595,-12520.75,575.0,3600.188,19.17999999999995,2.7688937968923804,0.0
2026-08-25,SNDK,1480.77,2626,2026-08-28|2026-09-04|2026-09-11|2026-09-18,76247,50066,125234,134886,0.6566291132765879,1.0770717217369086,0.88415,-326.458,1500.0,178.42499999999993,19.23000000000001,4.435625967682134,0.0
2026-08-25,SOXL,115.67,980,2026-08-26|2026-08-28|2026-08-31|2026-09-02,47241,51637,78409,169687,1.0930547617535615,2.164126567103266,1.081,-43803.174,113.0,13409.426,-2.6700000000000017,13.097746460143872,1.0
2026-08-25,SPY,765.91,1428,2026-08-25|2026-08-26|2026-08-27|2026-08-28,3966237,3917150,438194,669282,0.987623785467182,1.5273645919387304,0.06985,98541.53899999996,766.0,252387.10799999992,0.0900000000000318,31.91284413680036,1.0
2026-08-25,TSLA,350.25,968,2026-08-26|2026-08-28|2026-08-31|2026-09-02,1017182,628504,321904,233644,0.6178874577017682,0.7258188776778169,0.4315,146182.439,360.0,34980.772,9.75,15.474517728322326,1.0
2026-08-26,AAPL,313.45,536,2026-08-28|2026-08-31|2026-09-02|2026-09-04,243576,114167,225480,114299,0.4687120241731533,0.5069141387262729,0.277,363631.271,320.0,97713.833,6.550000000000011,22.13149412545376,1.0
2026-08-26,AMD,480.93,1380,2026-08-28|2026-08-31|2026-09-02|2026-09-04,65096,42755,139290,160162,0.6567991888902543,1.1498456457750017,0.6959500000000001,40086.086,500.0,11065.402,19.07,9.134273554814612,1.0
2026-08-26,AMZN,260.28,434,2026-08-28|2026-08-31|2026-09-02|2026-09-04,175321,88865,214117,107472,0.506870255132015,0.5019311871546864,0.3127,192945.259,265.0,58406.512999999984,4.720000000000027,18.78045258014473,1.0
2026-08-26,AVGO,355.59,602,2026-08-28|2026-08-31|2026-09-02|2026-09-04,67037,32508,133320,98412,0.4849262347658755,0.7381638163816382,0.5197,-44844.694,380.0,5738.472000000001,24.410000000000025,1.1072115969823064,0.0
2026-08-26,DIA,534.23,976,2026-08-28|2026-09-04|2026-09-11|2026-09-18,11457,9264,85722,101595,0.8085886357685258,1.1851683348498636,0.1374,10623.594000000008,540.0,22759.390000000003,5.769999999999982,6.603152430556489,0.0
2026-08-26,GOOGL,342.0,608,2026-08-28|2026-08-31|2026-09-02|2026-09-04,66612,26747,134189,85434,0.4015342580916351,0.6366691755658065,0.3047999999999999,49214.98399999999,347.5,28921.391,5.5,7.736676113675773,0.0
2026-08-26,INTC,88.24,630,2026-08-28|2026-08-31|2026-09-02|2026-09-04,170098,64209,297268,206324,0.3774823925031452,0.6940673062690905,0.73365,170128.69300000003,90.0,62810.591,1.7600000000000051,11.403957495906717,1.0
2026-08-26,IWM,298.93,706,2026-08-27|2026-08-28|2026-08-31|2026-09-01,73262,64552,104672,273828,0.8811116267642161,2.6160577804952614,0.14525,-599493.0450000002,303.0,39230.674,4.069999999999993,2.2416639620768644,0.0
2026-08-26,META,576.14,1298,2026-08-28|2026-08-31|2026-09-02|2026-09-04,310797,108944,163337,71918,0.3505310540320531,0.440304401329766,0.4661,60429.726,585.0,11855.098000000002,8.860000000000014,15.95835565353863,1.0
2026-08-26,MRVL,245.11,662,2026-08-28|2026-09-04|2026-09-11|2026-09-18,47010,27424,267761,281205,0.583365241437992,1.050208955000915,1.74895,87101.131,250.0,22067.842,4.889999999999986,24.922818256422183,1.0
2026-08-26,MSFT,496.37,668,2026-08-28|2026-08-31|2026-09-02|2026-09-04,68879,34276,137411,76323,0.4976262721584227,0.555435882134618,0.2948,93633.074,500.0,26289.061,3.629999999999996,27.012446775750668,1.0
2026-08-26,MU,938.4,1974,2026-08-28|2026-08-31|2026-09-02|2026-09-04,88344,62452,152205,215722,0.7069184098523952,1.417312177655136,0.7907,3507.7090000000003,970.0,1855.516,31.600000000000023,1.444004321042336,0.0
2026-08-26,NFLX,81.46,592,2026-08-28|2026-09-04|2026-09-11|2026-09-18,58735,33545,615841,335795,0.5711245424363667,0.5452624947023663,0.3311,1190418.226,85.0,253113.293,3.5400000000000063,19.46704053360584,1.0
2026-08-26,NVDA,209.66,586,2026-08-28|2026-08-31|2026-09-02|2026-09-04,1040619,640879,1270469,671580,0.6158632506229466,0.5286079392728197,1.009,723178.7090000001,230.0,275783.831,20.340000000000003,9.489470571185132,1.0
2026-08-26,PENG,51.86,226,2026-09-18|2026-10-16|2026-12-18|2027-01-15,1481,672,42147,31116,0.4537474679270763,0.73827318670368,0.845,13762.974000000002,75.0,5411.569,23.14,3.397633762569004,0.0
2026-08-26,QQQ,711.37,1490,2026-08-27|2026-08-28|2026-08-31|2026-09-01,576439,590172,765590,653887,1.0238238564705024,0.8540955341631944,0.23715,175868.637,720.0,56287.69299999999,8.629999999999995,10.470220819569976,1.0
2026-08-26,SMH,555.77,868,2026-08-27|2026-08-28|2026-08-31|2026-09-01,31499,45823,63465,246856,1.45474459506651,3.8896399590325377,0.56445,-13564.850999999995,575.0,4427.875,19.23000000000001,2.323586991826008,0.0
2026-08-26,SNDK,1499.37,2626,2026-08-28|2026-09-04|2026-09-11|2026-09-18,79830,42530,138561,143570,0.5327571088563197,1.036150143258204,0.91745,-117.76299999999962,1510.0,147.29700000000005,10.63000000000011,7.749785982623749,0.0
2026-08-26,SOXL,116.6,1082,2026-08-28|2026-08-31|2026-09-02|2026-09-04,30535,42938,89950,217331,1.4061896184706075,2.4161311839911064,1.5721500000000002,-62216.967,123.0,2308.997,6.400000000000006,2.202677446816394,1.0
2026-08-26,SPY,766.08,1600,2026-08-27|2026-08-28|2026-08-31|2026-09-01,690649,782283,638812,1116203,1.1326781042179168,1.7473106328622503,0.15375,-96809.104,770.0,54076.686,3.919999999999959,6.410913643172075,1.0
2026-08-26,TSLA,345.82,1016,2026-08-28|2026-08-31|2026-09-02|2026-09-04,400748,257658,348600,265953,0.6429426971563177,0.7629173838209983,0.46495,101451.835,360.0,23707.667,14.180000000000009,4.8895975251316735,0.0
2026-08-28,AAPL,319.7,490,2026-08-31|2026-09-02|2026-09-04|2026-09-09,261052,205303,127581,57895,0.7864448462375312,0.4537901411652205,0.1469,309023.167,320.0,111812.539,0.3000000000000113,46.29434220291652,1.0
2026-08-28,AMD,465.58,1254,2026-08-31|2026-09-02|2026-09-04|2026-09-09,71402,73552,72196,80025,1.0301112013669085,1.108440910853787,0.307,-11770.144,500.0,1775.6820000000002,34.420000000000016,0.0797729570833329,0.0
2026-08-28,AMZN,266.43,432,2026-08-31|2026-09-02|2026-09-04|2026-09-09,297502,147953,99083,58246,0.4973176650913271,0.5878505899094698,0.19385,182646.98800000004,265.0,37943.613000000005,-1.4300000000000068,20.56863925769139,1.0
2026-08-28,AVGO,368.79,594,2026-08-31|2026-09-02|2026-09-04|2026-09-09,73724,29943,99022,64488,0.4061499647333297,0.6512492173456403,0.23845,27813.211000000003,370.0,13851.036999999998,1.2099999999999795,23.466320064874186,1.0
2026-08-28,DIA,535.06,970,2026-09-04|2026-09-11|2026-09-18|2026-09-25,12902,13325,67171,75732,1.0327856146333902,1.1274508344374805,0.0975,39323.05400000001,540.0,17667.124,4.940000000000055,7.823820318020046,0.0
2026-08-28,GOOGL,346.59,498,2026-08-31|2026-09-02|2026-09-04|2026-09-09,93306,44651,62916,37272,0.478543716374081,0.5924089261872973,0.1772,98317.733,345.0,28450.65,-1.589999999999975,26.505349745660546,1.0
2026-08-28,INTC,89.47,580,2026-08-31|2026-09-02|2026-09-04|2026-09-09,128986,69094,153899,98462,0.5356705378878328,0.6397832344589633,0.32965,98806.59399999998,91.0,50632.032,1.5300000000000011,7.324533438793374,0.0
2026-08-28,IWM,295.75,668,2026-08-31|2026-09-01|2026-09-02|2026-09-03,102171,113151,53501,92612,1.1074668937369705,1.7310330648025272,0.09405,-656769.8319999999,303.0,10369.91,7.25,0.6813180049990908,0.0
2026-08-28,META,578.02,1198,2026-08-31|2026-09-02|2026-09-04|2026-09-09,128127,57796,106596,43912,0.4510836904009303,0.4119479154940147,0.2357,53383.558000000005,580.0,12245.125000000002,1.9800000000000184,21.52640116732876,1.0
2026-08-28,MRVL,216.62,624,2026-09-04|2026-09-11|2026-09-18|2026-09-25,141790,81706,223684,244939,0.5762465618167713,1.095022442374063,0.5928,-13818.090000000006,250.0,12228.564,33.379999999999995,0.5129147486102158,0.0
2026-08-28,MSFT,513.53,660,2026-08-31|2026-09-02|2026-09-04|2026-09-09,125246,69927,89858,43837,0.5583172316880379,0.4878474927107213,0.15945,90971.393,535.0,17854.667,21.470000000000027,8.917009504915185,1.0
2026-08-28,MU,932.86,1706,2026-08-31|2026-09-02|2026-09-04|2026-09-09,140384,120948,82735,71804,0.8615511739229542,0.8678793739046353,0.33675,8322.650999999998,920.0,2015.006,-12.860000000000014,14.194984736952437,1.0
2026-08-28,NFLX,81.72,592,2026-09-04|2026-09-11|2026-09-18|2026-09-25,92580,37606,555300,304843,0.406200043205876,0.5489699261660363,0.2819,884129.002,85.0,192584.851,3.280000000000001,18.69655921700912,1.0
2026-08-28,NVDA,217.55,550,2026-08-31|2026-09-02|2026-09-04|2026-09-09,1394365,775858,820105,466932,0.5564238918790991,0.56935636290475,0.2497499999999999,659240.5760000001,225.0,258377.998,7.449999999999989,13.445291090596674,0.0
2026-08-28,PENG,49.51,226,2026-09-18|2026-10-16|2026-12-18|2027-01-15,2341,361,42790,32001,0.1542076035882101,0.7478616499182051,0.8048,8172.351999999997,55.0,5469.293000000001,5.490000000000002,7.433586775999009,0.0
2026-08-28,QQQ,716.43,1436,2026-08-31|2026-09-01|2026-09-02|2026-09-03,547433,682908,445226,453879,1.2474732067668557,1.019435073423385,0.0945999999999999,96254.628,720.0,43085.333,3.57000000000005,21.245980265666123,1.0
2026-08-28,SMH,553.11,864,2026-08-31|2026-09-01|2026-09-02|2026-09-03,8792,25408,11027,48263,2.8898999090081894,4.376802394123515,0.2052999999999999,-22980.211,562.5,1462.477,9.389999999999986,1.973628791812693,0.0
2026-08-28,SNDK,1484.98,2494,2026-09-04|2026-09-11|2026-09-18|2026-09-25,37040,38478,87750,111373,1.0388228941684663,1.2692079772079772,0.6508,-391.162,1500.0,137.05900000000003,15.019999999999982,8.142383098986613,1.0
2026-08-28,SOXL,111.34,894,2026-08-31|2026-09-02|2026-09-04|2026-09-09,46331,92779,40203,90453,2.0025253070298503,2.249906723378852,0.67855,-30914.878,120.0,7017.771,8.659999999999997,9.689209166928844,1.0
2026-08-28,SPY,769.35,1580,2026-08-31|2026-09-01|2026-09-02|2026-09-03,961710,970228,463224,877568,1.0088571398862445,1.8944786971314087,0.0645,-53727.01699999998,772.0,50901.004,2.6499999999999773,10.11467576519586,1.0
2026-08-28,TSLA,348.75,974,2026-08-31|2026-09-02|2026-09-04|2026-09-09,473607,328571,183093,118274,0.6937629722533661,0.6459777271659758,0.2491499999999999,72408.832,360.0,23294.711,11.25,7.37162428643841,0.0
2026-08-31,AAPL,316.85,528,2026-09-02|2026-09-04|2026-09-09|2026-09-11,269045,111045,184790,156189,0.412737646118679,0.8452243086747119,0.2387,281885.86399999994,320.0,93453.501,3.1499999999999773,31.633937777431825,1.0
2026-08-31,AMD,470.72,1398,2026-09-02|2026-09-04|2026-09-09|2026-09-11,61212,47968,117138,125488,0.7836371953211788,1.0712834434598508,0.48525,14292.138,485.0,7797.290999999999,14.279999999999973,6.419011123838213,0.0
2026-08-31,AMZN,259.77,436,2026-09-02|2026-09-04|2026-09-09|2026-09-11,266147,149318,158995,84919,0.561035818551402,0.5340985565583823,0.2934,135111.542,265.0,39813.044,5.230000000000018,18.782526090400346,1.0
2026-08-31,AVGO,370.34,642,2026-09-02|2026-09-04|2026-09-09|2026-09-11,49753,29178,113214,88407,0.5864570980644384,0.7808839896125921,0.99555,10041.484000000002,400.0,4493.411999999999,29.660000000000025,1.9619088457364628,1.0
2026-08-31,DIA,531.57,970,2026-09-04|2026-09-11|2026-09-18|2026-09-25,13717,13044,72966,83355,0.9509367937595684,1.1423813831099416,0.111,-28826.009,540.0,14569.406999999996,8.42999999999995,5.139693749887589,0.0
2026-08-31,GOOGL,339.35,604,2026-09-02|2026-09-04|2026-09-09|2026-09-11,98527,42140,95369,60580,0.4277000213139545,0.6352168943786765,0.2619,39341.764,345.0,17469.613,5.649999999999977,7.7505845473199475,0.0
2026-08-31,INTC,89.51,610,2026-09-02|2026-09-04|2026-09-09|2026-09-11,118098,45476,188452,136284,0.3850700265880878,0.7231761934073399,0.5784,107510.955,90.0,48674.725000000006,0.4899999999999949,16.16026627776012,1.0
2026-08-31,IWM,293.93,900,2026-09-01|2026-09-02|2026-09-03|2026-09-04,110108,147144,123043,228976,1.3363606640752717,1.8609429223929843,0.1381,-999807.001,300.0,25202.336000000003,6.069999999999993,1.107548462369945,0.0
2026-08-31,META,572.34,1322,2026-09-02|2026-09-04|2026-09-09|2026-09-11,103430,39449,145337,64772,0.3814077153630474,0.4456676551738374,0.35475,41463.745,595.0,13331.820999999998,22.659999999999968,8.610632958222018,1.0
2026-08-31,MRVL,211.66,624,2026-09-04|2026-09-11|2026-09-18|2026-09-25,85250,44776,255921,271985,0.5252316715542522,1.062769370235346,0.67415,-34203.28799999999,240.0,6639.5830000000005,28.340000000000003,1.0323406288088963,0.0
2026-08-31,MSFT,507.29,682,2026-09-02|2026-09-04|2026-09-09|2026-09-11,52103,37424,126692,65771,0.7182695814060611,0.5191409086603732,0.2623499999999999,64417.173,510.0,11209.487,2.7099999999999795,15.872399795827564,1.0
2026-08-31,MU,958.73,1928,2026-09-02|2026-09-04|2026-09-09|2026-09-11,154980,88683,100664,137682,0.5722222222222222,1.3677382182309463,0.5106999999999999,10971.818,980.0,1698.802,21.269999999999985,7.221489230782577,1.0
2026-08-31,NFLX,81.05,592,2026-09-04|2026-09-11|2026-09-18|2026-09-25,66799,31618,576912,309350,0.4733304390784293,0.5362169620323377,0.32605,952900.649,85.0,196697.02,3.950000000000003,17.8360475506746,1.0
2026-08-31,NVDA,220.78,582,2026-09-02|2026-09-04|2026-09-09|2026-09-11,708824,304028,882339,538495,0.4289188853650553,0.6103039761361563,0.3259999999999999,984904.591,225.0,256949.63,4.219999999999999,22.23860213582688,1.0
2026-08-31,PENG,49.08,226,2026-09-18|2026-10-16|2026-12-18|2027-01-15,603,6117,44130,32113,10.144278606965177,0.7276909132109676,0.7816000000000001,11417.010000000002,55.0,7131.356000000002,5.920000000000002,8.595079460720013,0.0
2026-08-31,QQQ,716.76,1672,2026-09-01|2026-09-02|2026-09-03|2026-09-04,472623,631310,262366,405637,1.335758098949903,1.5460730430009986,0.1496,74924.50599999996,725.0,32857.657,8.240000000000009,4.2862543936749695,0.0
2026-08-31,SMH,556.63,968,2026-09-01|2026-09-02|2026-09-03|2026-09-04,20796,16959,40290,199841,0.8154933641084824,4.9600645321419705,0.2773,-23437.921,570.0,3600.6320000000005,13.370000000000005,2.694733356769114,0.0
2026-08-31,SNDK,1566.7,2494,2026-09-04|2026-09-11|2026-09-18|2026-09-25,83228,62642,98725,125850,0.7526553563704522,1.2747531020511522,0.7927,855.8349999999999,1600.0,327.92100000000005,33.299999999999955,2.20039185173386,1.0
2026-08-31,SOXL,112.79,916,2026-09-02|2026-09-04|2026-09-09|2026-09-11,65364,66447,61950,171989,1.0165687534422618,2.7762550443906377,0.9984,-74047.625,116.0,9798.901999999998,3.2099999999999937,7.79965027452636,1.0
2026-08-31,SPY,767.05,1544,2026-09-01|2026-09-02|2026-09-03|2026-09-04,851067,993894,467962,538840,1.167821099866403,1.151461016065407,0.1021499999999999,-352422.53,772.0,52608.701,4.9500000000000455,6.351811691382256,1.0
2026-08-31,TSLA,367.95,982,2026-09-02|2026-09-04|2026-09-09|2026-09-11,730306,484176,253491,225230,0.6629768891396209,0.8885128071608065,0.4701,235906.413,370.0,40390.001,2.050000000000012,18.469964732937093,1.0
2026-09-01,AAPL,325.13,528,2026-09-02|2026-09-04|2026-09-09|2026-09-11,1209271,549787,249226,184377,0.4546433347033047,0.7397984158956128,0.2501,591915.447,325.0,148368.532,-0.1299999999999954,34.32747181449387,1.0
2026-09-01,AMD,459.61,1398,2026-09-02|2026-09-04|2026-09-09|2026-09-11,106033,93422,138171,137576,0.8810653287184178,0.9956937418126812,0.5296000000000001,-19849.395000000004,485.0,5916.883000000001,25.389999999999983,1.6341442378366011,0.0
2026-09-01,AMZN,254.92,436,2026-09-02|2026-09-04|2026-09-09|2026-09-11,272409,193074,193026,112593,0.7087651289054326,0.583304839762519,0.28745,-33251.403000000006,265.0,29901.656000000003,10.080000000000013,4.838272823685342,0.0
2026-09-01,AVGO,369.68,642,2026-09-02|2026-09-04|2026-09-09|2026-09-11,65546,43592,132138,104131,0.6650596527629451,0.7880473444429309,1.6574,6264.694999999996,400.0,6181.925,30.32,1.9037856452291408,1.0
2026-09-01,DIA,527.75,970,2026-09-04|2026-09-11|2026-09-18|2026-09-25,12759,16712,76481,83052,1.3098205188494396,1.0859167636406428,0.13085,-53377.585,545.0,8288.136,17.25,2.373353676281989,0.0
2026-09-01,GOOGL,335.02,604,2026-09-02|2026-09-04|2026-09-09|2026-09-11,127668,50583,130079,74109,0.3962073503148792,0.5697230144758185,0.2593999999999999,-7312.729,347.5,17033.189,12.480000000000018,4.310153000759453,0.0
2026-09-01,INTC,88.97,610,2026-09-02|2026-09-04|2026-09-09|2026-09-11,195899,110160,232699,152049,0.5623305887217392,0.6534149265789712,0.6221,197276.101,91.0,96505.262,2.030000000000001,8.41128810277825,0.0
2026-09-01,IWM,290.57,900,2026-09-01|2026-09-02|2026-09-03|2026-09-04,360158,532891,162213,273146,1.479603396287185,1.6838724393236053,0.143,-1336212.6310000003,300.0,13771.660000000002,9.430000000000009,0.4333675822707621,0.0
2026-09-01,META,578.54,1322,2026-09-02|2026-09-04|2026-09-09|2026-09-11,328026,141647,183278,81196,0.43181638040887,0.4430209845153264,0.39415,81184.647,595.0,15079.853,16.460000000000036,8.686736809862127,1.0
2026-09-01,MRVL,210.39,624,2026-09-04|2026-09-11|2026-09-18|2026-09-25,89658,37577,279852,289377,0.4191148586852261,1.0340358475194031,0.70065,-33803.248,230.0,6744.050000000001,19.610000000000014,1.7059895330477457,0.0
2026-09-01,MSFT,501.02,682,2026-09-02|2026-09-04|2026-09-09|2026-09-11,118682,72290,140826,74532,0.6091066884616033,0.5292488602956841,0.2526,26953.962,510.0,15679.346,8.980000000000018,8.928824472120242,0.0
2026-09-01,MU,933.44,1928,2026-09-02|2026-09-04|2026-09-09|2026-09-11,437289,248083,138274,168009,0.5673204676998507,1.2150440429871123,0.55965,499.2929999999999,950.0,2891.8370000000004,16.559999999999945,13.914451182797787,1.0
2026-09-01,NFLX,80.81,592,2026-09-04|2026-09-11|2026-09-18|2026-09-25,77736,26270,592601,313643,0.3379386641967685,0.5292650535520528,0.3431,946895.433,85.0,193824.679,4.189999999999998,17.18735080316491,1.0
2026-09-01,NVDA,217.44,582,2026-09-02|2026-09-04|2026-09-09|2026-09-11,1154205,647315,956402,613232,0.5608319146078903,0.6411864467033737,0.3390499999999999,463593.368,225.0,172482.528,7.560000000000002,6.578897574753768,0.0
2026-09-01,PENG,47.59,226,2026-09-18|2026-10-16|2026-12-18|2027-01-15,3316,548,44123,28713,0.1652593486127865,0.6507490424495161,0.7825,7952.727000000008,55.0,6389.653000000001,7.409999999999997,7.721279684958366,0.0
2026-09-01,QQQ,707.64,1672,2026-09-01|2026-09-02|2026-09-03|2026-09-04,3394814,3957576,340256,574627,1.1657710849548752,1.6888078388037242,0.13135,-775617.712,720.0,13039.172,12.360000000000014,0.5706188425555142,0.0
2026-09-01,SMH,545.22,968,2026-09-01|2026-09-02|2026-09-03|2026-09-04,32162,33708,50364,204999,1.048069149928487,4.070347867524422,0.2543999999999999,-54995.592,570.0,1905.536,24.779999999999973,0.4981218885277968,0.0
2026-09-01,SNDK,1536.87,2494,2026-09-04|2026-09-11|2026-09-18|2026-09-25,94670,82268,110474,138293,0.8689975705080807,1.2518149066748738,0.7458,351.78100000000023,1550.0,207.485,13.13000000000011,21.53614401102655,1.0
2026-09-01,SOXL,105.91,916,2026-09-02|2026-09-04|2026-09-09|2026-09-11,114866,87247,105808,198325,0.7595546114603102,1.87438567972176,1.2161,-129180.69899999998,116.0,34868.829000000005,10.090000000000003,5.130923114003035,0.0
2026-09-01,SPY,761.78,1544,2026-09-01|2026-09-02|2026-09-03|2026-09-04,5031899,5606292,592367,722105,1.1141503436376603,1.219016251749338,0.1313,-1145332.436,772.0,19990.544,10.220000000000027,0.6409257432732974,0.0
2026-09-01,TSLA,356.09,982,2026-09-02|2026-09-04|2026-09-09|2026-09-11,861239,757963,371466,334714,0.880084390047362,0.901062277570491,0.4321,55740.87899999999,370.0,34627.465,13.910000000000023,5.443829469338271,0.0
2026-09-02,AAPL,324.96,528,2026-09-02|2026-09-04|2026-09-09|2026-09-11,1054824,546668,340745,294098,0.5182551781150221,0.8631029068658381,0.12335,846205.9179999998,325.0,526500.028,0.0400000000000204,77.85836636577591,1.0
2026-09-02,AMD,457.06,1398,2026-09-02|2026-09-04|2026-09-09|2026-09-11,148170,107672,160628,157299,0.726678814874806,0.9792750952511392,0.573,-23848.562999999995,485.0,4401.335,27.94,1.5296197969300758,1.0
2026-09-02,AMZN,254.98,436,2026-09-02|2026-09-04|2026-09-09|2026-09-11,398048,174321,233268,124998,0.437939645469893,0.5358557538968054,0.19085,83802.66999999995,255.0,45461.15699999999,0.0200000000000102,26.27167629581868,1.0
2026-09-02,AVGO,367.24,642,2026-09-02|2026-09-04|2026-09-09|2026-09-11,172400,119415,147932,123375,0.6926624129930394,0.8339980531595598,1.5006,6850.191,400.0,7036.169,32.75999999999999,0.8760929124038576,1.0
2026-09-02,DIA,530.62,970,2026-09-04|2026-09-11|2026-09-18|2026-09-25,16831,15570,80441,87836,0.9250787237834948,1.091930731840728,0.1163,-28466.483,545.0,11055.346,14.379999999999995,3.5776340484457383,0.0
2026-09-02,GOOGL,337.12,604,2026-09-02|2026-09-04|2026-09-09|2026-09-11,311528,83185,167012,87578,0.2670225469299709,0.5243814815701866,0.3072,112318.48499999996,340.0,68952.09700000001,2.8799999999999955,26.920491669282463,1.0
2026-09-02,INTC,90.05,610,2026-09-02|2026-09-04|2026-09-09|2026-09-11,246998,119874,277561,167287,0.4853237678037879,0.6027035498503032,0.61565,646037.1230000001,90.0,307545.411,-0.0499999999999971,41.29512670605789,1.0
2026-09-02,IWM,294.01,900,2026-09-02|2026-09-03|2026-09-04|2026-09-08,428928,438146,169291,280491,1.021490786332438,1.6568571276677435,0.0823,-576696.591,294.0,219995.59600000005,-0.0099999999999909,25.777799394492767,1.0
2026-09-02,META,592.85,1322,2026-09-02|2026-09-04|2026-09-09|2026-09-11,665228,278859,206030,99653,0.419193118750263,0.4836819880599912,0.2331,178672.06399999998,592.5,41848.98499999999,-0.3500000000000227,31.93289430719438,1.0
2026-09-02,MRVL,206.48,624,2026-09-04|2026-09-11|2026-09-18|2026-09-25,65900,21652,298879,297018,0.3285584218512898,0.9937733999377676,0.6994,-52975.345000000016,225.0,7589.041999999999,18.52000000000001,3.498557314501405,1.0
2026-09-02,MSFT,496.82,682,2026-09-02|2026-09-04|2026-09-09|2026-09-11,159494,111953,161031,92094,0.7019260912636212,0.5719023045252156,0.2239,-59739.34700000002,510.0,11829.383000000002,13.180000000000009,3.1811597760056363,0.0
2026-09-02,MU,956.08,1928,2026-09-02|2026-09-04|2026-09-09|2026-09-11,555266,287197,186791,200645,0.5172241772411781,1.074168455653645,0.5143,60726.51400000001,950.0,16239.638,-6.080000000000041,26.429346382718908,1.0
2026-09-02,NFLX,82.73,592,2026-09-04|2026-09-11|2026-09-18|2026-09-25,138775,36083,605567,319326,0.2600108088632679,0.527317373634957,0.3459,1403152.899,85.0,303247.357,2.269999999999996,21.248878004988,1.0
2026-09-02,NVDA,224.41,582,2026-09-02|2026-09-04|2026-09-09|2026-09-11,2976703,1906467,979696,694303,0.6404626192132705,0.7086922882200193,0.39265,2772293.3410000005,225.0,1304435.618,0.5900000000000034,56.992215737829895,1.0
2026-09-02,PENG,47.59,226,2026-09-18|2026-10-16|2026-12-18|2027-01-15,1875,131,44631,28527,0.0698666666666666,0.6391745647644014,0.7463500000000001,7690.132999999998,55.0,7403.023999999999,7.409999999999997,8.84310542165157,0.0
2026-09-02,QQQ,709.24,1656,2026-09-02|2026-09-03|2026-09-04|2026-09-08,2693898,2737694,379852,615290,1.0162574826515332,1.6198150858755516,0.20255,84021.70800000001,708.0,57362.347,-1.240000000000009,11.865671995362332,1.0
2026-09-02,SMH,550.48,948,2026-09-02|2026-09-03|2026-09-04|2026-09-08,30239,31370,55280,205374,1.0374020304904263,3.7151591895803184,0.6194999999999999,-23894.069,560.0,6716.851000000001,9.519999999999982,3.9890292426198646,0.0
2026-09-02,SNDK,1553.4,2494,2026-09-04|2026-09-11|2026-09-18|2026-09-25,67817,52812,118978,153002,0.7787427931049736,1.285968834574459,0.7668999999999999,986.7850000000004,1550.0,331.67600000000004,-3.400000000000091,25.374244176246386,1.0
2026-09-02,SOXL,106.35,954,2026-09-02|2026-09-04|2026-09-09|2026-09-11,79132,69856,168663,226019,0.8827781428499216,1.3400627286363933,2.0998,67226.24299999997,116.0,38579.212,9.650000000000006,8.99955241012007,1.0
2026-09-02,SPY,765.16,1512,2026-09-02|2026-09-03|2026-09-04|2026-09-08,3667772,4325917,609306,735769,1.1794399979060857,1.2075525269733107,0.1599,258199.131,764.0,86578.647,-1.1599999999999682,14.0523750924485,1.0
2026-09-02,TSLA,357.01,982,2026-09-02|2026-09-04|2026-09-09|2026-09-11,1583516,1127934,488819,371474,0.7122971918187123,0.7599418189554825,0.1601,177021.40300000002,357.5,45620.881,0.4900000000000091,21.9783046687352,1.0
2026-09-03,AAPL,328.21,484,2026-09-04|2026-09-09|2026-09-11|2026-09-14,776151,333030,279393,172724,0.4290788776926139,0.618211623054264,0.25925,531976.491,330.0,178999.387,1.7900000000000205,37.25391430555599,1.0
2026-09-03,AMD,456.16,1176,2026-09-04|2026-09-09|2026-09-11|2026-09-14,152017,95203,145902,145186,0.626265483465665,0.9950925964003235,0.50905,-25334.91,475.0,4337.31,18.83999999999997,1.714978733652669,0.0
2026-09-03,AMZN,258.9,390,2026-09-04|2026-09-09|2026-09-11|2026-09-14,315298,112022,207372,111105,0.3552892818857081,0.5357762860945547,0.3188,304773.02599999995,260.0,100566.226,1.1000000000000227,30.26244087444412,1.0
2026-09-03,AVGO,357.16,694,2026-09-04|2026-09-09|2026-09-11|2026-09-14,422214,225229,214835,166743,0.5334474934511882,0.7761444829753066,0.54245,-45651.29400000002,370.0,11718.134999999998,12.839999999999977,3.677035698928975,0.0
2026-09-03,DIA,536.93,970,2026-09-04|2026-09-11|2026-09-18|2026-09-25,23703,24944,88323,94105,1.0523562418259291,1.0654642618570471,0.1225499999999999,114740.805,540.0,50531.234,3.07000000000005,29.93517950588981,1.0
2026-09-03,GOOGL,342.48,566,2026-09-04|2026-09-09|2026-09-11|2026-09-14,130363,51261,161722,79124,0.3932174006428204,0.4892593462856012,0.2933,275582.379,340.0,99480.224,-2.480000000000018,33.27488976304094,1.0
2026-09-03,INTC,91.67,506,2026-09-04|2026-09-09|2026-09-11|2026-09-14,274135,101796,255033,153080,0.371335291006256,0.6002360478839993,0.6691,753844.584,90.0,158674.715,-1.6700000000000017,18.61418865726408,1.0
2026-09-03,IWM,295.19,896,2026-09-03|2026-09-04|2026-09-08|2026-09-09,460681,372809,199498,288414,0.8092562966564716,1.4456987037464035,0.05425,-194807.29,300.0,171363.231,4.810000000000002,9.263524191138735,0.0
2026-09-03,META,610.68,1114,2026-09-04|2026-09-09|2026-09-11|2026-09-14,273410,132291,185084,83976,0.4838557477780622,0.4537183116855049,0.41385,158450.662,615.0,24481.951,4.32000000000005,16.221919525374737,1.0
2026-09-03,MRVL,208.83,624,2026-09-04|2026-09-11|2026-09-18|2026-09-25,96466,42560,315038,298986,0.4411917152157237,0.9490474165021362,0.67545,-1882.479,215.0,13725.454000000002,6.169999999999988,10.78095454383735,1.0
2026-09-03,MSFT,510.12,582,2026-09-04|2026-09-09|2026-09-11|2026-09-14,194558,91292,139371,85406,0.4692276853174889,0.6127960623085147,0.2755499999999999,111918.618,510.0,34507.45799999999,-0.1200000000000045,35.986493523133745,1.0
2026-09-03,MU,958.16,1634,2026-09-04|2026-09-09|2026-09-11|2026-09-14,465338,182638,158986,179559,0.3924846025899454,1.1294013309347992,0.62295,18782.45,980.0,4462.281999999999,21.840000000000032,4.683828761343731,0.0
2026-09-03,NFLX,82.67,592,2026-09-04|2026-09-11|2026-09-18|2026-09-25,124230,88419,623482,326828,0.7117362955807776,0.5241979720344774,0.35705,1521470.015,83.0,356160.56600000005,0.3299999999999983,29.48160474204623,1.0
2026-09-03,NVDA,228.45,512,2026-09-04|2026-09-09|2026-09-11|2026-09-14,1783102,1036647,923856,669773,0.5813727986396741,0.7249755373131743,0.3541499999999999,2284086.192,230.0,844898.8990000001,1.5500000000000114,39.62594355806674,1.0
2026-09-03,PENG,48.63,226,2026-09-18|2026-10-16|2026-12-18|2027-01-15,497,292,46049,28516,0.5875251509054326,0.6192534039827141,0.73285,15314.258999999996,55.0,13777.603,6.369999999999997,14.905960193783176,0.0
2026-09-03,QQQ,717.67,1640,2026-09-03|2026-09-04|2026-09-08|2026-09-09,3375191,3702846,370834,562655,1.0970774690973044,1.517269182437425,0.07075,589269.616,717.0,136321.873,-0.6699999999999591,27.973588920754704,1.0
2026-09-03,SMH,552.6,932,2026-09-03|2026-09-04|2026-09-08|2026-09-09,37988,24188,53405,200583,0.6367273875960829,3.7558842804980808,0.13425,-11051.828,560.0,9710.142000000002,7.399999999999977,12.32844378927164,1.0
2026-09-03,SNDK,1554.99,2506,2026-09-04|2026-09-11|2026-09-18|2026-09-25,105660,52371,125407,157909,0.495655877342419,1.259172135526725,0.747,1433.03,1550.0,494.518,-4.990000000000009,26.4739236601322,1.0
2026-09-03,SOXL,106.74,792,2026-09-04|2026-09-09|2026-09-11|2026-09-14,143023,95920,158540,204786,0.6706613621585339,1.2916992557083389,1.11535,120357.671,108.0,44651.24600000001,1.2600000000000051,13.553357051310453,1.0
2026-09-03,SPY,773.17,1512,2026-09-03|2026-09-04|2026-09-08|2026-09-09,5214006,5139494,570648,687822,0.9857092607871952,1.205334987593052,0.0569,1060819.2589999998,773.0,374528.887,-0.169999999999959,37.777722881930735,1.0
2026-09-03,TSLA,376.365,802,2026-09-04|2026-09-09|2026-09-11|2026-09-14,1379364,848037,429727,305335,0.6148029091668334,0.7105325008668294,0.7419,399601.759,400.0,49590.17,23.63499999999999,4.760876928103381,1.0
2026-09-04,AAPL,319.97,484,2026-09-04|2026-09-09|2026-09-11|2026-09-14,1202162,701424,311250,210682,0.5834687837412927,0.6768899598393574,0.11925,244550.2480000001,320.0,150876.58399999997,0.0299999999999727,68.46353881060168,1.0
2026-09-04,AMD,477.57,1176,2026-09-04|2026-09-09|2026-09-11|2026-09-14,297801,150358,177702,151228,0.5048942078770723,0.8510202473804459,0.27585,153522.23500000002,477.5,58160.608,-0.0699999999999931,49.77454369795954,1.0
2026-09-04,AMZN,258.51,390,2026-09-04|2026-09-09|2026-09-11|2026-09-14,432362,203075,233618,113174,0.4696874378414384,0.4844404112696795,0.39035,140170.127,265.0,36200.929,6.490000000000009,19.440975002992115,1.0
2026-09-04,AVGO,357.895,694,2026-09-04|2026-09-09|2026-09-11|2026-09-14,278169,100444,276179,163205,0.36108984106784,0.5909392097154382,0.2754,61291.704000000005,360.0,20854.58300000001,2.105000000000018,26.831550646221768,1.0
2026-09-04,DIA,534.08,970,2026-09-04|2026-09-11|2026-09-18|2026-09-25,20091,15863,87985,103144,0.7895575133144194,1.1722907313746662,0.0609,100572.43,534.0,100881.877,-0.0800000000000409,56.536950074479954,1.0
2026-09-04,GOOGL,338.46,566,2026-09-04|2026-09-09|2026-09-11|2026-09-14,287700,127075,171927,90268,0.4416927354883559,0.5250367888696947,0.2699,15245.684999999998,340.0,38834.945,1.5400000000000205,17.714295066629457,0.0
2026-09-04,INTC,95.8,506,2026-09-04|2026-09-09|2026-09-11|2026-09-14,425115,191833,286075,166117,0.4512496618562036,0.5806763960499869,0.3577,921925.061,96.0,651566.3330000001,0.2000000000000028,83.22513165466208,1.0
2026-09-04,IWM,296.01,904,2026-09-04|2026-09-08|2026-09-09|2026-09-10,397509,402141,191485,267036,1.0116525663569882,1.3945530981539025,0.13245,-615596.459,300.0,52258.462,3.990000000000009,2.612096660820869,0.0
2026-09-04,META,616.77,1114,2026-09-04|2026-09-09|2026-09-11|2026-09-14,378503,222325,209651,99972,0.5873797565673191,0.4768496215138492,0.2388,262198.443,615.0,95011.696,-1.7699999999999818,40.86707170462095,1.0
2026-09-04,MRVL,223.55,624,2026-09-04|2026-09-11|2026-09-18|2026-09-25,140187,73479,327687,298428,0.5241498855100687,0.9107105255930201,0.35155000000000003,139440.097,225.0,76097.65500000001,1.4499999999999886,51.267201846104946,1.0
2026-09-04,MSFT,499.7,582,2026-09-04|2026-09-09|2026-09-11|2026-09-14,179931,134086,152415,95595,0.7452078852448994,0.627202047042614,0.12385,-88208.843,510.0,3766.88,10.300000000000011,1.301166749292166,0.0
2026-09-04,MU,1016.59,1634,2026-09-04|2026-09-09|2026-09-11|2026-09-14,797823,547682,204922,205071,0.6864705580059738,1.0007271059232292,0.353,93562.39599999998,1010.0,60182.41,-6.590000000000032,62.65455871273015,1.0
2026-09-04,NFLX,78.25,592,2026-09-04|2026-09-11|2026-09-18|2026-09-25,261529,122959,634913,333834,0.470154361466606,0.525794872683344,0.42255,403283.385,85.0,110232.45,6.75,16.348324426912036,1.0
2026-09-04,NVDA,230.36,512,2026-09-04|2026-09-09|2026-09-11|2026-09-14,2872691,1558321,1040876,924129,0.5424603620786225,0.8878377443614801,0.13495,5711684.006999999,230.0,5015322.549,-0.3600000000000136,108.05117069039164,1.0
2026-09-04,PENG,51.76,226,2026-09-18|2026-10-16|2026-12-18|2027-01-15,1385,292,46133,28422,0.2108303249097473,0.6160882665337177,0.7357,24166.049000000003,55.0,16078.093,3.240000000000002,18.63238801643245,0.0
2026-09-04,QQQ,718.96,1804,2026-09-04|2026-09-08|2026-09-09|2026-09-10,3379686,3317255,399625,564583,0.9815275738633708,1.4127819831091648,0.0613,310232.44500000007,720.0,279520.75,1.0399999999999636,55.09078068093396,1.0
2026-09-04,SMH,567.01,920,2026-09-04|2026-09-08|2026-09-09|2026-09-10,48557,19929,58523,197966,0.4104248615029758,3.382704235941425,0.18005,66842.84,565.0,29504.665,-2.009999999999991,48.50312583929644,1.0
2026-09-04,SNDK,1740.0,2506,2026-09-04|2026-09-11|2026-09-18|2026-09-25,262248,193164,139348,159835,0.7365699643085933,1.1470204093349026,0.3,7479.48,1750.0,1975.386,10.0,22.493322496643646,1.0
2026-09-04,SOXL,117.28,792,2026-09-04|2026-09-09|2026-09-11|2026-09-14,219480,150901,177495,215774,0.6875387279023145,1.215662413025719,0.73925,171242.40200000003,120.0,39106.244,2.719999999999999,21.08250132240615,1.0
2026-09-04,SPY,770.19,1480,2026-09-04|2026-09-08|2026-09-09|2026-09-10,4034443,4610161,567938,716783,1.142700739606434,1.262079663625255,0.0491,-898743.4930000001,771.0,28228.901999999973,0.8099999999999454,6.452118516156055,0.0
2026-09-04,TSLA,354.08,802,2026-09-04|2026-09-09|2026-09-11|2026-09-14,1951785,1402015,505389,445296,0.7183245080785025,0.8810955521390453,0.16165,-190454.68800000005,380.0,5979.9,25.920000000000016,0.4046376246808449,0.0
